날짜,평균기온,최저기온,최고기온,강수량,습도,요일,일조 시간,일출시간,전기 사용량
2019.5.1,16.4,11.2,22.2,0,48.9,2,10.9,5:38,24.533
2019.5.2,17.1,10.6,25.3,0,28.5,3,12.7,5:37,23.807
2019.5.3,17.9,10.1,26.1,0,37.5,4,12.4,5:35,23.758
2019.5.4,19.5,12,27.4,0,40.4,5,10.7,5:34,24.212
2019.5.5,19.2,13.6,26.5,0,35.8,6,11.1,5:33,23.973
2019.5.6,14.5,9.8,19.8,0,27.1,0,12.8,5:32,24.654
2019.5.7,15,8.4,21.9,0,33.4,1,12.9,5:31,23.951
2019.5.8,15.6,10.1,21.3,0,48.3,2,12.2,5:30,23.827
2019.5.9,16.6,11.7,22.9,0,43.3,3,12.1,5:29,23.882
2019.5.10,17.8,10.3,26.8,0,48,4,12.3,5:28,23.941
2019.5.11,20.3,13.2,28.3,0,39,5,12.7,5:27,24.805
2019.5.12,21.6,14.7,28.9,0,36,6,12,5:26,25.361
2019.5.13,18.7,15.5,22.8,0,43.4,0,1,5:25,24.667
2019.5.14,19.6,12.9,26.9,0,44.5,1,13,5:24,24.199
2019.5.15,20.7,14.8,28,0,48.1,2,8.4,5:23,24.515
2019.5.16,23.5,16.7,30,0,43.8,3,12.5,5:23,24.866
2019.5.17,23.6,17.6,28.3,0,44.9,4,4.2,5:22,25.326
2019.5.18,22.8,19.1,25.9,0,46.8,5,4.3,5:21,25.804
2019.5.19,19.4,17.9,21.6,22,93,6,0,5:20,26.782
2019.5.20,16.4,13,20.2,8.7,63.6,0,10.5,5:19,24.424
2019.5.21,17.2,11.7,23.8,0,52,1,13.1,5:19,23.728
2019.5.22,19.5,12.3,26.5,0,46,2,12.6,5:18,24.127
2019.5.23,22.1,15,29.2,0,45,3,13.2,5:17,24.378
2019.5.24,24.2,16.2,33.4,0,46.4,4,12.7,5:17,25.173
2019.5.25,23.4,18.4,28.6,0,45.6,5,7.1,5:16,26.038
2019.5.26,24.5,18.6,31.1,0,39,6,11,5:16,26.482
2019.5.27,17.8,14.3,22.3,7.1,80.9,0,0,5:15,25.414
2019.5.28,18.1,11.9,24.6,0,45.9,1,13,5:15,22.96
2019.5.29,20.3,13.3,26.5,0,48.4,2,13.3,5:14,23.64
2019.5.30,19.6,14.6,24.5,0,48,3,7,5:14,23.411
2019.5.31,19.1,16.1,23.3,0,49.6,4,12.3,5:13,22.28
2019.6.1,18.9,14.8,23.7,0,60.5,5,9.4,5:13,23.141
2019.6.2,21.1,14.1,27.8,0,42.1,6,13,5:12,24.293
2019.6.3,23.1,16,29.5,0,42.9,0,12.3,5:12,23.213
2019.6.4,22.6,17.6,29,0,56.4,1,12.8,5:12,23.63
2019.6.5,23,17.8,29.6,0,63.8,2,8.9,5:11,24.206
2019.6.6,21.2,18.6,25.1,7.9,75.9,3,0,5:11,26.337
2019.6.7,20,17,24.7,35.3,77.3,4,3.7,5:11,23.912
2019.6.8,21.9,16,27.6,0,57.5,5,9.3,5:11,22.86
2019.6.9,21.6,17.1,26.5,2.5,66.1,6,4.2,5:11,24.973
2019.6.10,18.4,15.7,21.9,9.5,70.3,0,0.6,5:10,23.971
2019.6.11,20.5,15.5,26.1,0,51.1,1,10.7,5:10,23.68
2019.6.12,21.5,16.1,26.4,0,57.1,2,13,5:10,24.13
2019.6.13,23,16.6,28.8,0,51.9,3,12.3,5:10,24.438
2019.6.14,23,19.1,28.4,0,54.8,4,6.1,5:10,24.705
2019.6.15,21.9,17.9,27.4,2.1,61.5,5,12.2,5:10,25.699
2019.6.16,22,16.1,27.2,0,55.4,6,11.1,5:10,26.436
2019.6.17,21.7,18.1,26.2,0,59.1,0,12.7,5:10,24.265
2019.6.18,20.8,17,24.8,13.8,78.6,1,2,5:10,24.842
2019.6.19,21.4,18.9,25.4,0.2,77.8,2,0.9,5:11,25.233
2019.6.20,22.7,19.8,27.8,0,70.6,3,6.9,5:11,24.755
2019.6.21,22.1,19.4,26.1,0.2,72.9,4,3.4,5:11,24.971
2019.6.22,24.2,17.7,30.6,0,42.3,5,13,5:11,25.627
2019.6.23,25,19.1,31,0,40.4,6,12.9,5:11,26.594
2019.6.24,25.2,20.9,30.9,0,46.9,0,13.6,5:12,26.066
2019.6.25,25.6,19.5,32.8,0,49.1,1,13.4,5:12,26.86
2019.6.26,25.5,20.7,29.5,0,52.6,2,1.1,5:12,26.767
2019.6.27,25.5,21.9,31.2,1.4,70.5,3,3.9,5:13,28.005
2019.6.28,24.7,22.3,29,0,67.3,4,2.4,5:13,28.382
2019.6.29,23.1,19.6,27.7,1.5,72,5,4.1,5:13,28.131
2019.6.30,23.9,20.9,28.5,0,73.5,6,5.2,5:14,28.903
2019.7.1,23.9,20.6,28.9,0,64.4,0,10.9,5:14,26.901
2019.7.2,24.4,20.8,30.1,0,63.5,1,11.9,5:15,26.922
2019.7.3,24.1,21.2,27.4,0,64.6,2,3.3,5:15,26.868
2019.7.4,25.4,20,32.8,0,59.6,3,12.7,5:16,27.479
2019.7.5,27.6,20.2,35,0,42.1,4,11.8,5:16,29.582
2019.7.6,29.7,24.6,36.1,0,40.9,5,11.8,5:17,33.478
2019.7.7,26.7,22.7,32.5,0,43.3,6,9.8,5:17,31.549
2019.7.8,25.1,21.2,31,0,46.6,0,9.3,5:18,28.392
2019.7.9,25,19.7,30,0,46.4,1,7.7,5:18,28.241
2019.7.10,22.7,19.3,27.3,8.5,64.1,2,3.1,5:19,27.057
2019.7.11,21.9,19.5,25.9,2.9,76.9,3,0,5:20,26.834
2019.7.12,23.6,20,28.7,0,65.5,4,7,5:20,26.754
2019.7.13,24.9,22.1,29.7,0,67.3,5,4.1,5:21,28.589
2019.7.14,25.9,21.2,31.6,0,64.6,6,7.8,5:22,30.68
2019.7.15,23.8,22.1,27.4,7.7,80,0,0.1,5:22,29.202
2019.7.16,24.7,21.4,28.8,6.3,79,1,4,5:23,28.908
2019.7.17,25.6,22.3,29.2,0.7,73.9,2,1,5:24,30.217
2019.7.18,26.9,23.3,32.1,0,65,3,3.2,5:24,31.307
2019.7.19,28.6,22.8,35,0,61.3,4,9.8,5:25,34.418
2019.7.20,28,25.1,31.9,1.1,66.9,5,1.2,5:26,36.341
2019.7.21,25.1,24.2,27,6.2,87.1,6,0.6,5:27,35.206
2019.7.22,26.7,24.2,31,0.1,74.6,0,6.1,5:27,34.697
2019.7.23,28.1,24.4,32.9,0,70.8,1,4,5:28,36.344
2019.7.24,26.5,25.2,27.2,1,82.3,2,0,5:29,36.061
2019.7.25,26.3,25.6,27.4,9.7,90.1,3,0,5:30,36.77
2019.7.26,25.1,23.7,25.9,60,95.3,4,0,5:30,35.699
2019.7.27,28.4,24.9,33.4,0.6,76.6,5,4.7,5:31,38.804
2019.7.28,26.1,25,28.2,25.6,88.3,6,0,5:32,36.794
2019.7.29,27.5,25.6,30,0.5,74.5,0,2.6,5:33,35.036
2019.7.30,28.1,26.3,30.8,1.2,75.3,1,1.6,5:34,36.355
2019.7.31,25.8,24,27.5,62.3,91.1,2,0,5:35,35.429
2019.8.1,26.3,23.5,30.1,26.9,86.4,3,4.9,5:35,36.123
2019.8.2,28.4,24.7,33.1,0,74.6,4,8.3,5:36,38.864
2019.8.3,29.4,25.6,36,3,69,5,10.6,5:37,42.522
2019.8.4,28.3,25,34.4,8.6,75.9,6,8.6,5:38,43.725
2019.8.5,30.5,25.6,35.9,0,65.5,0,11.2,5:39,45.355
2019.8.6,31.6,27.9,36.8,0,51.4,1,9.9,5:40,47.131
2019.8.7,26.9,23.9,30.3,8,78.1,2,1.9,5:40,41.043
2019.8.8,28.9,25.9,32.7,0,71.4,3,7.5,5:41,42.846
2019.8.9,29.8,26,34.6,0,69,4,10.8,5:42,43.934
2019.8.10,31.5,26.6,36.5,0,57.9,5,11.6,5:43,48.973
2019.8.11,30.4,26.3,35.7,6.7,53.6,6,9.8,5:44,47.859
2019.8.12,26.6,24.8,28.5,56.2,91.8,0,0.3,5:45,41.779
2019.8.13,29.2,25.1,35.3,6.4,76.9,1,7.3,5:46,44.035
2019.8.14,30.4,25.9,35.7,0,63.9,2,9.2,5:46,45.25
2019.8.15,25.9,23.9,28.6,16.2,82,3,0.1,5:47,39.541
2019.8.16,25.9,23,29.5,0.1,74.5,4,7.5,5:48,34.975
2019.8.17,25.9,23.4,28.8,0,69.5,5,8.1,5:49,34.223
2019.8.18,25.6,22.6,30.7,0,66.5,6,10.7,5:50,32.997
2019.8.19,26.3,21.2,31.3,0,60.6,0,11.1,5:51,32.539
2019.8.20,28.2,23.2,32.8,0,56.3,1,10.5,5:52,34.432
2019.8.21,27,24.4,30.4,1.3,67.3,2,3.2,5:52,35.04
2019.8.22,26.9,23,31.4,0,66.5,3,10.7,5:53,34.346
2019.8.23,26.2,22.7,30.5,0,58.4,4,12,5:54,32.364
2019.8.24,24.1,21.5,27.3,0,60.9,5,3,5:55,30.667
2019.8.25,25,20.2,29.9,0,66.6,6,9.9,5:56,31.287
2019.8.26,26.4,21.5,32.1,0,63.8,0,9.2,5:57,31.308
2019.8.27,25.7,22.2,29.3,20,71.1,1,5.6,5:57,31.141
2019.8.28,26.1,23.6,30.2,0,66.2,2,3.4,5:58,31.184
2019.8.29,23.4,20.1,26.4,36.9,77.1,3,4.9,5:59,29.788
2019.8.30,22.6,19.5,27,0.2,66.3,4,8.8,6:00,27.611
2019.8.31,23.5,18.5,28.9,0,65,5,12.1,6:01,28.329
2019.9.1,23.7,19.2,27.8,0,64,6,6.9,6:02,29.011
2019.9.2,24.4,19.4,29.7,0,56.6,0,7.4,6:02,28.125
2019.9.3,24.1,22,28,0,67.6,1,2.9,6:03,28.172
2019.9.4,22.8,21.2,25.5,22.7,89,2,1.1,6:04,28.789
2019.9.5,23,21.5,27.6,36.4,91.4,3,1.5,6:05,29.303
2019.9.6,25.3,21.6,29.1,2.4,79.8,4,0.4,6:06,30.296
2019.9.7,25.7,22.6,29.5,2.8,72.9,5,0,6:07,33.788
2019.9.8,24.7,22.9,27.3,0,76.9,6,1.4,6:07,31.574
2019.9.9,25.1,22.4,28,0,74.3,0,2,6:08,30.054
2019.9.10,23.8,22.1,26.5,63.2,93.4,1,1,6:09,30.834
2019.9.11,24.3,20.4,28.7,7.6,71.4,2,6.9,6:10,29.427
2019.9.12,21,18.7,22.9,3.9,72.3,3,0,6:11,28.009
2019.9.13,23.3,18.3,29.3,0.1,60.4,4,10.9,6:12,26.002
2019.9.14,22.4,20.8,24.1,0.3,80,5,0.2,6:12,27.335
2019.9.15,24.2,19.5,30,0,70.4,6,10.6,6:13,29.035
2019.9.16,24.5,20.7,30.5,0,53,0,9.4,6:14,27.788
2019.9.17,23.5,18,29,0,41.6,1,10.6,6:15,26.813
2019.9.18,21,16,25.4,0,46,2,11.7,6:16,26.062
2019.9.19,19.5,13.6,26,0,46.5,3,10.2,6:17,25.25
2019.9.20,19.6,15.8,24.2,0,52.8,4,1.3,6:17,25.222
2019.9.21,19.6,18.3,22.1,0,60.3,5,0,6:18,26.234
2019.9.22,18.6,17.3,19.6,0.4,63.4,6,0,6:19,26.926
2019.9.23,20,16.9,24.6,0,51.1,0,9,6:20,25.009
2019.9.24,19.8,13.9,26.5,0,61.3,1,11.4,6:21,24.869
2019.9.25,20.9,14.8,27.4,0,64.4,2,8.8,6:22,25.189
2019.9.26,22.9,17.7,29,0,59.3,3,8.1,6:23,25.547
2019.9.27,22.9,19.6,27,0,57.5,4,3.5,6:23,25.737
2019.9.28,23.7,19.4,29.2,0,58.9,5,10.1,6:24,26.941
2019.9.29,22.6,17.9,28.6,0,60.6,6,11.1,6:25,27.356
2019.9.30,22.4,16.4,29.9,0,61,0,10.5,6:26,26.465
2019.10.1,23.1,17.6,28.2,0,67.1,1,7.5,6:27,26.748
2019.10.2,21.6,20,24.2,23.1,88,2,0,6:28,27.183
2019.10.3,22.4,19.8,27.3,4.6,73.4,3,6,6:29,27.572
2019.10.4,22.4,18,27.8,0,71.5,4,9.9,6:29,26.58
2019.10.5,18.7,14.7,21.9,0.6,72.6,5,2.3,6:30,26.419
2019.10.6,18.1,13.2,22.7,0,53.4,6,9.4,6:31,25.828
2019.10.7,14.8,13.3,17.9,25.4,92,0,0,6:32,25.796
2019.10.8,14.7,10.6,19.8,0,58.8,1,10.3,6:33,24.506
2019.10.9,13.6,7.7,20.4,0,48.3,2,10.6,6:34,25.361
2019.10.10,15.2,10.7,19.8,0,60.9,3,1.1,6:35,24.895
2019.10.11,18.8,13,26.1,0,60,4,10.3,6:36,24.686
2019.10.12,17.9,13.3,23.3,0,49.3,5,10.5,6:37,24.426
2019.10.13,17.2,12.1,23.8,0,52.6,6,10.6,6:38,25.304
2019.10.14,14.4,9.5,19.6,0,56.9,0,10.1,6:39,24.012
2019.10.15,14.5,8.8,20.4,0,55.6,1,7.7,6:39,26.448
2019.10.16,14.6,9,20.8,0,58.3,2,9.8,6:40,26.601
2019.10.17,15.4,11.2,21.6,0,56,3,7.4,6:41,26.502
2019.10.18,17,12,22.7,0,58.3,4,8,6:42,26.447
2019.10.19,17,12.1,23.1,0,63.8,5,10.2,6:43,27.133
2019.10.20,16.5,12,22.9,0,70.3,6,9.3,6:44,27.796
2019.10.21,17.1,10.9,24.6,0,61,0,9.6,6:45,26.826
2019.10.22,18.1,13.3,24.4,0,56.1,1,9.1,6:46,26.679
2019.10.23,17,14.3,20.7,0,57.3,2,0.7,6:47,26.841
2019.10.24,18.3,15.3,23.8,0,47.6,3,6.6,6:48,26.472
2019.10.25,16.7,13.1,22,0,58,4,7.1,6:49,26.129
2019.10.26,10,6.6,14.9,0,60,5,8.7,6:50,26.729
2019.10.27,11,4.7,17.4,0,59,6,9.8,6:51,27.237
2019.10.28,12.9,7.4,17.7,1.7,65.9,0,7.3,6:52,26.485
2019.10.29,12.5,8.2,17.6,0.1,61,1,9,6:53,26.217
2019.10.30,11.2,5,17.7,0,60.3,2,9.6,6:54,26.147
2019.10.31,14.8,8.4,19.7,0,73.8,3,8,6:55,26.173
2019.11.1,14.9,11.4,20.5,0,57.9,4,9.5,,26.149
2019.11.2,13.6,8.3,18.7,0,57.3,5,3.3,,27.008
2019.11.3,14.7,9.4,22.1,0,57.8,6,7.8,,27.369
2019.11.4,13.8,9.2,20.3,0,57.8,0,9.7,,26.314
2019.11.5,12.4,8.4,18.4,0,65.1,1,8,,26.162
2019.11.6,11,6.3,16.5,0,63.6,2,7.5,,26.325
2019.11.7,9.2,5,13.6,0,42.8,3,9.5,,26.411
2019.11.8,6.8,1.1,13,0,31.4,4,9.7,,26.551
2019.11.9,9.5,3.5,17.2,0,41.4,5,9.7,,27.223
2019.11.10,10,6.2,15.3,11.8,59.6,6,3.3,,28.149
2019.11.11,11.2,7.9,15.1,1.1,71.6,0,7.2,,26.947
2019.11.12,9.3,4.8,14.5,0,63.6,1,5.7,,26.696
2019.11.13,7.2,3,11.3,7.5,72.3,2,0,,27.772
2019.11.14,1.3,-2.5,5,0,30.6,3,9.7,,27.539
2019.11.15,5.6,1.4,7.6,18.8,87.4,4,0.1,,27.607
2019.11.16,6.8,3.8,12.7,0,81.3,5,5.6,,27.509
2019.11.17,8.3,5.6,10.5,21.1,79.4,6,0,,28.955
2019.11.18,4.6,0.4,12.7,14.7,59.8,0,8,,27.489
2019.11.19,0.2,-3.5,4,0,48,1,9.4,,27.603
2019.11.20,0.5,-4.6,6.3,0,35.5,2,9.4,,27.555
2019.11.21,4.2,-2.3,9,0,37.4,3,5.7,,27.405
2019.11.22,9.7,3,17.3,0,34.1,4,9,,26.763
2019.11.23,12.1,7.7,17.7,0,52,5,8,,27.146
2019.11.24,9.8,4.6,15.6,3.8,74.6,6,1.8,,28.338
2019.11.25,1.9,-1.2,6,0,62.1,0,5.8,,27.372
2019.11.26,6.6,1.2,13.7,0,64,1,7.9,,27.237
2019.11.27,3.1,0.3,6.8,0,50.8,2,8.3,,27.169
2019.11.28,3.5,-0.6,10.4,0,52.4,3,9,,27.177
2019.11.29,1.5,-3.4,6.9,0,42.8,4,9.3,,26.54
2019.11.30,4.1,-1.4,9.3,0,42.6,5,5.3,,27.743
2019.12.1,4.6,2.3,6.2,3.3,79.4,6,0,,28.853
2019.12.2,-0.1,-3.2,2.8,0,48,0,8.8,,27.705
2019.12.3,0.5,-5,4.2,0.6,61.3,1,3.1,,27.989
2019.12.4,2,-2,7.2,0,41.6,2,8.7,,27.53
2019.12.5,-4.4,-8.5,-0.2,0,31.9,3,9.2,,28.398
2019.12.6,-5.9,-10.6,-1,0,34.5,4,9.3,,28.759
2019.12.7,-2.4,-5.5,1.2,0.1,65,5,1.1,,29.769
2019.12.8,-0.9,-5.5,4.9,0,65.1,6,8.9,,29.454
2019.12.9,3.2,-1.3,8,0,56.8,0,1.4,,28.599
2019.12.10,8.1,6,10.8,1.7,82.3,1,2,,27.819
2019.12.11,6.3,0.1,9.8,0.2,62,2,5.2,,27.909
2019.12.12,-0.7,-3.5,3.4,0,45.4,3,9.1,,28.137
2019.12.13,2.1,-3.7,5.9,1,53.6,4,3.4,,27.987
2019.12.14,2.7,-0.1,6.4,0,58.3,5,8.3,,28.293
2019.12.15,5.3,0.4,11,0,52.5,6,7.3,,28.611
2019.12.16,7.8,2.1,12.9,0,58.9,0,6.6,,27.522
2019.12.17,7.7,3.2,10.2,9.8,81.4,1,0,,27.531
2019.12.18,0.8,-1.7,5.2,0,64.6,2,8.4,,27.295
2019.12.19,-0.8,-4.5,3.1,0,47.8,3,8.5,,27.379
2019.12.20,-1.1,-3.5,2,0,45.3,4,8.9,,27.372
2019.12.21,-1.2,-5.1,1.5,0.6,68.1,5,1.9,,28.683
2019.12.22,4.1,0.3,8.4,0.3,63.4,6,5.2,,28.308
2019.12.23,3.4,0.3,5.2,2.9,80.4,0,2.4,,27.622
2019.12.24,0.8,-2.9,6.5,0,67.9,1,8,,26.908
2019.12.25,2,-2.7,6.6,0,60.8,2,3.3,,27.329
2019.12.26,2,-2.4,4.1,0.3,59,3,1.3,,25.596
2019.12.27,-1.7,-4.6,2.6,0,45.4,4,9,,47.365
2019.12.28,1.1,-3.6,6.1,0,47.6,5,5.8,,47.834
2019.12.29,3.8,1.1,6.2,1.4,52.5,6,0,,48.133
2019.12.30,2.7,-5.7,6.8,0.4,70.3,0,0,,47.547
2019.12.31,-7.9,-10.9,-4.5,0,39.3,1,9.1,,26.326
2020.1.1,-2.2,-6.5,0.3,0.1,64.4,2,0.8,,28.549
2020.1.2,1,-0.7,3.8,0,65.4,3,0,,27.635
2020.1.3,-0.1,-3.4,4.6,0,56.9,4,8.8,,26.905
2020.1.4,1.2,-2.8,6.1,0,50.8,5,7.9,,27.272
2020.1.5,1.3,-3.2,6.6,0,45.6,6,7.1,,27.467
2020.1.6,3.1,0.6,4.6,1.8,65.4,0,0,,27.276
2020.1.7,6.3,4.2,7.7,46.3,95,1,0,,26.934
2020.1.8,2.4,-0.4,8.9,11.6,86.1,2,0,,26.546
2020.1.9,-1.2,-3.1,2,0,65.3,3,8.7,,25.897
2020.1.10,-0.6,-4.3,4.2,0,62.9,4,7.5,,25.432
2020.1.11,-0.1,-2.6,3.9,0,60.9,5,8.1,,25.889
2020.1.12,-1,-3.5,2.8,0,61.5,6,8.6,,26.271
2020.1.13,-2.9,-4.7,0.2,0,51,0,8.1,,25.81
2020.1.14,-2.3,-5.7,2.6,0,45.3,1,8.5,,20.903
2020.1.15,-2.7,-6.4,2.2,0,44.8,2,9.2,,21.065
2020.1.16,-1.7,-5.5,3.2,0,43,3,8.3,,25.715
2020.1.17,-0.6,-4.8,4.9,0,43.9,4,7.6,,25.569
2020.1.18,0.3,-4.1,5.9,0,48.1,5,9.1,,25.864
2020.1.19,1.9,-0.4,5.3,0.6,62.8,6,4.8,,26.391
2020.1.20,0.7,-3.3,5.5,0,46.8,0,8.7,,25.476
2020.1.21,-0.4,-5.6,5.5,0,36.9,1,9.2,,25.344
2020.1.22,3,-0.1,7.8,0,36,2,3.7,,25.401
2020.1.23,4.6,0,9.9,0,49.3,3,8.8,,24.973
2020.1.24,2.8,-1.3,7.4,0,63,4,8.8,,24.884
2020.1.25,4.3,0.6,8.8,0,63.1,5,3.6,,23.224
2020.1.26,5.5,-0.2,11.9,0,56.3,6,7.3,,23.709
2020.1.27,5.9,4.8,7.5,0.1,48.1,0,0,,25.545
2020.1.28,6.8,4.3,9.9,0,49.4,1,0,,24.917
2020.1.29,6,3.2,9.6,0,46.4,2,3.1,,24.393
2020.1.30,5.2,1.4,10.4,0,47,3,5.5,,24.277
2020.1.31,3.9,1.4,8.9,0,59.6,4,6.1,,24.387
2020.2.1,2.6,-1.2,7.6,0,66.6,5,5.3,,25.431
2020.2.2,1.5,-2.1,5.3,0,52.3,6,4.8,,25.78
2020.2.3,-0.4,-2.9,3,0,43.6,0,9.6,,24.952
2020.2.4,-1.6,-6,3.9,1.7,50.3,1,6.4,,25.283
2020.2.5,-8.3,-11,-4.9,0,37.3,2,9.7,,25.77
2020.2.6,-6.4,-11.8,0.4,0,36.4,3,9.7,,25.519
2020.2.7,-1.7,-7.2,2.2,0,45.1,4,6.1,,25.081
2020.2.8,-0.1,-2.3,3.7,0,48.1,5,9.6,,25.32
2020.2.9,-0.5,-5.6,4.1,0,51.1,6,9.6,,25.294
2020.2.10,4,-0.7,9.6,0,49.4,0,9.7,,24.063
2020.2.11,6.8,-0.5,14.6,0,37,1,7.6,,23.491
2020.2.12,7.4,6.5,8.2,6.7,73.4,2,0,,23.869
2020.2.13,6.5,4.9,8.7,0,84.8,3,1.3,,23.381
2020.2.14,8.1,3.2,14.7,0,70.3,4,8.7,,22.921
2020.2.15,9.8,6.2,15.6,2,63,5,5,,23.612
2020.2.16,-1.4,-4.3,7.7,13.4,81.1,6,1.6,,24.934
2020.2.17,-5.9,-7.1,-3.9,1,64.3,0,3.2,,25.008
2020.2.18,-4.1,-8.3,1.3,0,44,1,10.1,,24.364
2020.2.19,1,-4.4,6.4,0,56.8,2,7.4,,23.924
2020.2.20,4.6,-0.6,10.8,0,62.6,3,9.4,,23.448
2020.2.21,6.7,2.1,10.9,4.2,66.3,4,1.1,,23.621
2020.2.22,4,0,7.9,3.1,62,5,5.9,,24.389
2020.2.23,2.5,-2.5,8,0,48.6,6,10.2,,24.467
2020.2.24,7,0.8,12.2,0,51.8,0,7.7,,23.591
2020.2.25,6.7,4.7,9.4,16.6,73.5,1,0.6,,24.199
2020.2.26,6.4,2.8,10.4,0,59.6,2,4.8,,21.922
2020.2.27,6.1,1.3,12.5,0,54,3,10.4,,36.559
2020.2.28,4.5,3.6,5.9,3.9,79.4,4,0,,37.685
2020.2.29,7.7,4.5,13,0.5,68.6,5,9.5,,21.697
2020.3.1,5.8,3.2,10.1,0.2,71.8,6,0.2,,24.095
2020.3.2,3.4,0,7.6,0,55.3,0,10,,22.578
2020.3.3,4.8,0.3,10.5,0,57,1,4.1,,23.299
2020.3.4,2.2,-1.3,4.6,0,53.4,2,6.6,,22.412
2020.3.5,1.4,-2.8,6.3,0,47.5,3,10.9,,22.244
2020.3.6,3.7,-2.5,10.1,0,46.8,4,10.6,,21.297
2020.3.7,7,1.3,14.2,0,39.5,5,5.9,,21.697
2020.3.8,9.3,2.3,16.9,0,43.8,6,10.7,,21.583
2020.3.9,11.1,4.8,17.6,0,37.6,0,7.1,,21.073
2020.3.10,6.4,3.2,10.8,11.8,78.4,1,0,,22.644
2020.3.11,3.8,0,8.3,0,41.8,2,11.2,,22.116
2020.3.12,6.8,0.2,13.3,0,49.8,3,8.1,,21.146
2020.3.13,4.9,-0.1,8.7,0.5,41,4,9.7,,21.566
2020.3.14,3.6,-2.7,8.6,0,48.1,5,10,,22.188
2020.3.15,4,0.2,8.5,0,48.3,6,8.5,,21.961
2020.3.16,3.6,-2.1,9.1,0,42.4,0,11.3,,21.617
2020.3.17,6.6,3.1,12.3,0,65.8,1,4.2,,22.064
2020.3.18,10,2.7,17,0,45.8,2,11.1,,21.228
2020.3.19,9.1,5.8,12.1,0,49,3,7.7,,22.394
2020.3.20,8.8,3.1,14,0,39.6,4,11,,20.655
2020.3.21,12.8,7.9,19.5,0,56.5,5,6.1,,22.046
2020.3.22,11,6.1,16.5,0,37.5,6,11.6,,22.174
2020.3.23,10.6,5.4,17,0,37.9,0,11.5,,21.335
2020.3.24,11.4,5.3,17.9,0,35,1,11.5,,21.145
2020.3.25,12.5,6.1,19.2,0,33.6,2,9.2,,20.258
2020.3.26,14.8,8.1,20.6,1.8,53.8,3,4.3,,21.262
2020.3.27,11.9,6.7,15.8,2,56.4,4,7.4,,21.138
2020.3.28,7.7,4.5,12.8,0,17.9,5,9.1,,22.489
2020.3.29,8.7,1.3,16.1,0,30.6,6,11.6,,21.926
2020.3.30,10.2,4.3,16.9,0,38.4,0,11.7,,19.898
2020.3.31,11.9,4.7,18.6,0,34.5,1,10,,21.521
2020.4.1,11.3,6,17.4,0,35.6,2,8.6,,21.332
2020.4.2,9.3,3.4,15.5,0,41.4,3,10.6,,21.298
2020.4.3,10,5.3,16.3,0,53.8,4,10.7,,21.313
2020.4.4,8.9,5,13.3,0,36.4,5,10.4,,21.832
2020.4.5,7.2,1.9,13.7,0,29.5,6,12.1,,22.272
2020.4.6,9.3,2.9,16.1,0,38.3,0,11.4,,21.605
2020.4.7,10.6,6,16.8,0,56.6,1,9,,21.525
2020.4.8,9.4,5.2,14.2,0,25.5,2,12.3,,21.455
2020.4.9,8.9,4.3,14.7,0,44.6,3,11.8,,21.28
2020.4.10,10.7,5.8,16.8,0,52.6,4,9.2,,21.502
2020.4.11,9.9,6.2,16,0,63.8,5,8.8,,21.861
2020.4.12,9.9,4.4,15.6,0,58.6,6,8.3,,22.387
2020.4.13,12.4,4.3,20.4,0,39.4,0,12.2,,21.458
2020.4.14,13,7.6,19.6,0,46.8,1,12.1,,21.178
2020.4.15,13.2,7.2,20.2,0,39.8,2,10,,21.776
2020.4.16,16,8.9,23.8,0,39.9,3,10.6,,21.26
2020.4.17,12.5,10.4,15.4,6.5,77.8,4,0.3,,21.856
2020.4.18,13.5,8.5,19.6,0,67.9,5,10.4,,21.5
2020.4.19,12.3,9.5,15.5,10.3,75.8,6,0.3,,22.784
2020.4.20,10,7.6,13.1,0.1,73,0,1.3,,22.101
2020.4.21,7.4,4.8,10.4,0,49,1,9.8,,21.707
2020.4.22,6,4.1,8.3,0,46.8,2,5.3,,22.009
2020.4.23,7.9,2.9,12.8,0,47.8,3,11.8,,21.751
2020.4.24,9.9,4.1,14.3,0,55.6,4,12,,21.602
2020.4.25,13.1,9.9,17.1,0,54.4,5,8.5,,22.034
2020.4.26,12.3,6.8,19,0,43.1,6,12.5,,22.247
2020.4.27,12.9,8.7,18.3,0,49.8,0,9.7,,21.622
2020.4.28,13.9,7.8,19.9,0,50,1,12.6,,21.338
2020.4.29,14.9,9.3,21,0,48.6,2,12.2,,21.185
2020.4.30,17.1,9.3,23.4,0,57.1,3,8.2,,21.295
2020.5.1,20.2,16.4,26.2,0,73.6,4,6.1,5:38,21.326
2020.5.2,20.3,18,23.9,0,79.6,5,0.2,5:37,21.644
2020.5.3,21.8,17,27.4,0,68.8,6,5.9,5:35,21.954
2020.5.4,20.2,14.8,25.3,0,63.9,0,10.1,5:34,21.612
2020.5.5,16,13.1,19.3,0,67.9,1,3.3,5:33,21.921
2020.5.6,19.4,11.1,27.6,0,50,2,12.8,5:32,21.247
2020.5.7,20.7,14.9,26.5,0,32.5,3,8.7,5:31,21.212
2020.5.8,19.9,14.3,27.3,2.3,32.8,4,7.5,5:30,21.298
2020.5.9,14.2,12.7,16.8,24.4,94.4,5,0,5:29,22.355
2020.5.10,14.4,12.8,16.6,1.3,88.6,6,0.4,5:28,22.203
2020.5.11,16.5,12.4,22,3.4,61,0,7.2,5:27,21.471
2020.5.12,14.3,10.5,18.9,0.7,69.4,1,5,5:26,21.191
2020.5.13,16.1,10.2,21.8,0,47.3,2,13,5:25,20.83
2020.5.14,19.3,12.4,25.4,0,35.4,3,6.6,5:24,21.005
2020.5.15,16.1,14.1,20.2,12,81.4,4,0,5:23,21.932
2020.5.16,16.7,15,20.3,2.5,90.3,5,0.6,5:23,22.235
2020.5.17,19.1,14.6,24.9,0,80.1,6,3.9,5:22,22.352
2020.5.18,19.1,13.2,26.8,29.8,79.4,0,3.2,5:21,22.425
2020.5.19,13,10.1,17.1,19,73.6,1,3,5:20,21.912
2020.5.20,14.4,9.2,20.1,0,60.4,2,4.5,5:19,21.22
2020.5.21,17.4,10.9,22.9,0,56.1,3,9.4,5:19,20.675
2020.5.22,18.5,14.8,22.7,0,68.5,4,0.7,5:18,21.106
2020.5.23,20.1,16.6,25,0,66.1,5,6.8,5:17,21.428
2020.5.24,17.1,14.3,20.2,14.5,84.8,6,1.1,5:17,22.171
2020.5.25,16.6,13.7,21.3,0,81,0,2.5,5:16,21.161
2020.5.26,16.2,12.7,22.9,1.5,81.9,1,4.8,5:16,21.267
2020.5.27,17.4,11.8,23.9,0,68.5,2,13.2,5:15,20.824
2020.5.28,18.7,14.2,23.4,0,62.8,3,8.4,5:15,20.954
2020.5.29,20.7,14.6,27.6,0,65.6,4,12.7,5:14,21.064
2020.5.30,22.6,16.5,30,0,57.3,5,11.3,5:14,21.95
2020.5.31,21.2,17.6,28,1,63,6,5,5:13,21.993
2020.6.1,19.7,16.6,24.5,0.4,64.3,0,11.5,5:13,21.025
2020.6.2,17.9,14.8,21.8,2,71,1,0.2,5:12,21.752
2020.6.3,22,17.6,28.4,0,73.3,2,9.5,5:12,21.457
2020.6.4,21.9,19.7,26.5,0.2,81.1,3,4.7,5:12,21.94
2020.6.5,23,18.4,28.7,0,69.4,4,8.8,5:11,21.824
2020.6.6,24.6,19.2,30.9,0,63.6,5,8.6,5:11,24.267
2020.6.7,22.7,19.2,29.2,0,69.4,6,9.2,5:11,22.333
2020.6.8,25,19.8,32,0,63.6,0,11.3,5:11,23.383
2020.6.9,26.7,20.3,32.8,0,51.6,1,12.9,5:11,24.441
2020.6.10,25.8,22.5,32.1,6.2,63.8,2,5.2,5:10,25.559
2020.6.11,26.1,21.7,31.6,0,68.3,3,8,5:10,25.863
2020.6.12,24.7,21.6,27.6,0,68.6,4,0.5,5:10,25.214
2020.6.13,26.9,20.6,33.5,0,52.8,5,9.7,5:10,26.976
2020.6.14,24,20.1,28.8,1.1,70.6,6,8.1,5:10,26.087
2020.6.15,23,18.2,28.6,0,62.3,0,10.1,5:10,23.191
2020.6.16,24.4,20,30.7,0,63,1,7.5,5:10,23.29
2020.6.17,24.3,20.2,30.3,0,58.6,2,5.9,5:10,22.164
2020.6.18,23.4,20.3,27.3,0,61.4,3,0.1,5:10,23.663
2020.6.19,24.7,21.1,30,0.1,61.4,4,6,5:11,23.337
2020.6.20,24.9,20.7,29.7,0,62.6,5,11.7,5:11,24.499
2020.6.21,26.1,19.5,32.7,0,59.5,6,13.5,5:11,26.129
2020.6.22,28.6,21.7,35.4,0,50.5,0,13.3,5:11,27.437
2020.6.23,27.3,23.2,31,0,53.5,1,5.1,5:11,27.067
2020.6.24,22.3,19.9,26.3,37.6,83.5,2,0,5:12,25.071
2020.6.25,21.6,20.1,23.4,13.3,91,3,0.1,5:12,23.629
2020.6.26,21.8,19.2,25.7,2.1,82.1,4,3.1,5:12,22.408
2020.6.27,24.1,20.4,29.6,0,70.4,5,7.4,5:13,23.515
2020.6.28,25.2,21.5,30.1,0,70.5,6,12.4,5:13,24.95
2020.6.29,23.8,20.6,26.5,11.9,77,0,1.7,5:13,24.087
2020.6.30,20.1,18.4,23.1,64.7,83,1,0,5:14,22.359
2020.7.1,21.1,18.1,24.3,0,79.3,2,0.2,5:14,21.878
2020.7.2,24.2,20.4,29.8,0,74.5,3,5.4,5:15,22.692
2020.7.3,25.5,21.6,30.6,0.1,63.5,4,9.6,5:15,23.259
2020.7.4,24.2,20.4,29.5,1.6,63.9,5,9.5,5:16,23.425
2020.7.5,23.8,19.9,27.6,0,68.6,6,6.4,5:16,23.969
2020.7.6,25.6,21.8,30.9,0,66.6,0,5,5:17,24.353
2020.7.7,24.1,22.1,28.1,0,75.5,1,4,5:17,22.617
2020.7.8,25.5,21.3,30.4,0,71.9,2,10,5:18,21.489
2020.7.9,27.5,21.8,32.9,0,64.6,3,7.7,5:18,24.906
2020.7.10,24.5,22.7,27.7,2.2,75,4,3.1,5:19,24.886
2020.7.11,25.8,22.2,30.2,0,62.6,5,6.6,5:20,25.143
2020.7.12,23.5,21.7,26,2.9,71.9,6,0,5:20,24.587
2020.7.13,18.7,17.7,21.7,47.6,94.8,0,0,5:21,22.266
2020.7.14,20.3,17.2,24.3,11.5,79.4,1,0.1,5:22,21.244
2020.7.15,23.4,18.9,28.7,0,63.1,2,9.3,5:22,21.408
2020.7.16,25,20.4,29.7,0,70.9,3,10.2,5:23,22.736
2020.7.17,26,21.5,31.6,0,72,4,7.5,5:24,24.303
2020.7.18,26.1,22.8,31,0,71.6,5,4.3,5:24,25.69
2020.7.19,24,20.6,26.6,29.1,81.6,6,0,5:25,25.664
2020.7.20,23.8,22.4,26.6,3.6,86.3,0,0,5:26,24.294
2020.7.21,25,21.4,30.5,0,77,1,4,5:27,23.92
2020.7.22,23.7,22.6,25.7,11.5,89.3,2,0,5:27,24.371
2020.7.23,21.1,18.5,22.6,103.1,95.5,3,0,5:28,23.503
2020.7.24,22.5,18.7,26.8,2.9,74.3,4,1,5:29,21.823
2020.7.25,24.3,22.3,29,0,69.3,5,1.9,5:30,24.227
2020.7.26,25.4,21.6,29.6,0,69.3,6,5.6,5:30,23.925
2020.7.27,24.3,22.9,25.5,2.2,86.4,0,0,5:31,23.289
2020.7.28,24.4,22.7,26.4,0.4,84.8,1,0,5:32,23.123
2020.7.29,23.7,22.6,24.9,50.1,95.8,2,0,5:33,23.971
2020.7.30,25.3,23.4,28.4,0.1,85.5,3,3,5:34,24.111
2020.7.31,26.2,22.8,29.6,1.5,81.9,4,5,5:35,24.919
2020.8.1,25.3,24.3,26.9,39.1,90.9,5,0,5:35,25.08
2020.8.2,24.9,23.5,26.4,31.4,96.3,6,0,5:36,27.055
2020.8.3,25,23.9,26.3,102.6,96.3,0,0,5:37,26.034
2020.8.4,27,25,29.4,3.9,89.3,1,0.4,5:38,27.313
2020.8.5,26.5,25.5,29.1,18.5,92.1,2,0.1,5:39,28.14
2020.8.6,24.1,22.9,26,75.7,92.8,3,0.2,5:40,25.558
2020.8.7,24.3,22.6,26.1,0,85.3,4,0,5:40,24.028
2020.8.8,24.2,22.7,26.1,19.1,89.5,5,1.8,5:41,24.781
2020.8.9,24.9,23.7,25.8,50.3,95.4,6,0,5:42,27.086
2020.8.10,26.5,24.7,29.5,44.6,91.6,0,0.2,5:43,27.365
2020.8.11,24.6,22.4,27.3,97,92.5,1,0.5,5:44,25.633
2020.8.12,27.2,23.5,31.3,0,83.9,2,2.1,5:45,27.35
2020.8.13,28,26.3,30.3,0,82.4,3,0.2,5:46,28.904
2020.8.14,27.1,26.5,28,0.4,86.1,4,0,5:46,28.059
2020.8.15,26.1,25,27,69,96,5,0,5:47,28.594
2020.8.16,27.4,25.3,30.8,0,82.6,6,2.4,5:48,28.969
2020.8.17,28.2,26.1,32.2,0,77.9,0,5.8,5:49,30.531
2020.8.18,27.5,24,31.9,0,76.3,1,7.9,5:50,30.129
2020.8.19,27.1,23.6,31.4,0,76.8,2,9.4,5:51,30.45
2020.8.20,27.7,25,31.7,0,76,3,3.1,5:52,30.857
2020.8.21,26.6,25.2,29.2,2.5,83.1,4,0.8,5:52,29.763
2020.8.22,24.3,21.7,27.6,42.6,87.4,5,0.6,5:53,27.707
2020.8.23,25.3,21.5,29.9,0,78.4,6,6.8,5:54,27.646
2020.8.24,27.8,23.7,32,0,71.6,0,8.8,5:55,29.208
2020.8.25,29.9,26,34.5,0,69.5,1,7.6,5:56,33.257
2020.8.26,30.2,27,34.5,0.6,68.3,2,7.5,5:57,35.581
2020.8.27,27.1,25.6,28.6,8.7,84.6,3,0.5,5:57,31.433
2020.8.28,27.3,26,29.7,13.6,89.1,4,2,5:58,32.234
2020.8.29,26.8,25.5,29,13.6,90.1,5,1.7,5:59,32.955
2020.8.30,26.8,24.4,30.6,42.5,88.8,6,2.4,6:00,33.062
2020.8.31,26.4,23.8,30,0,77.9,0,1.9,6:01,28.969
2020.9.1,26.6,23.8,29.5,0,72.4,1,1,6:02,28.242
2020.9.2,24.3,22.6,26.4,33.3,91.3,2,0,6:02,27.305
2020.9.3,22.7,20,25.6,29.8,82,3,2.8,6:03,23.391
2020.9.4,23.3,19.9,27.5,0,63.9,4,10.1,6:04,22.31
2020.9.5,23.3,19.2,27.3,0,66.6,5,3.3,6:05,22.833
2020.9.6,21.7,19.5,24.4,6.4,80,6,0,6:06,19.287
2020.9.7,19.2,17.5,20.6,61,93.5,0,0,6:07,22.567
2020.9.8,23.4,20.6,26.5,0,71.5,1,9.5,6:07,22.477
2020.9.9,21.1,19,25.3,1.3,83.4,2,3.1,6:08,21.559
2020.9.10,22.8,18.8,27,3.9,75.8,3,9,6:09,21.431
2020.9.11,22.4,19.2,27.1,1.2,72.6,4,4.5,6:10,21.455
2020.9.12,20.2,18.1,23.2,5.7,83.8,5,0,6:11,21.264
2020.9.13,21.5,16.7,26.6,0,70.4,6,9.8,6:12,21.169
2020.9.14,21.3,17.6,24.9,0,79.3,0,5.7,6:12,20.768
2020.9.15,23,18.9,27.7,0,76.4,1,5.1,6:13,21.012
2020.9.16,22.5,21.3,24.9,0.3,79.9,2,0.3,6:14,21.618
2020.9.17,21.3,20.1,23.6,0,70.3,3,0.7,6:15,20.759
2020.9.18,21.5,18.1,25.8,0,62,4,9.8,6:16,20.315
2020.9.19,21.2,17.6,26.2,0.3,59.3,5,9.7,6:17,20.491
2020.9.20,19.7,15.6,24.9,0,57.6,6,11.4,6:17,20.815
2020.9.21,19.1,13.6,25.3,0,56.1,0,9.6,6:18,20.315
2020.9.22,20.2,15.5,25.6,0,55.3,1,10.7,6:19,19.805
2020.9.23,19.2,15.2,23.8,0,59.9,2,7.2,6:20,19.789
2020.9.24,20.6,16.8,25.4,0,59.6,3,8,6:21,19.795
2020.9.25,20.1,16.6,25.4,0,64.1,4,3.5,6:22,19.885
2020.9.26,19.3,14.8,24.8,0,62.5,5,8,6:23,20.09
2020.9.27,20.4,14.9,25.8,0,63.3,6,9.8,6:23,20.558
2020.9.28,20.7,15.7,26.5,0,66,0,10.5,6:24,20.064
2020.9.29,19.6,15.3,23.9,0,67.6,1,6.3,6:25,20.123
2020.9.30,19.6,16.2,25.7,38.3,78,2,4.9,6:26,20.826
2020.10.1,18.8,15.6,23.6,0,74.9,3,2.5,6:27,19.76
2020.10.2,19.2,16.3,21.9,0,79.6,4,1.9,6:28,19.865
2020.10.3,19.9,18.3,23.2,0,72.5,5,1.8,6:29,20.112
2020.10.4,16.6,10.6,21.8,0,65.1,6,4.3,6:29,20.669
2020.10.5,13.3,8.5,18.4,0,57.3,0,10.5,6:30,19.502
2020.10.6,14.2,9.3,19.7,0,55.9,1,10.8,6:31,19.438
2020.10.7,16,9.9,22,0,48.9,2,8.9,6:32,19.428
2020.10.8,17.2,12.1,23.1,0,53,3,10.8,6:33,19.291
2020.10.9,17.2,12.4,23.3,0,53.4,4,10.6,6:34,19.617
2020.10.10,16.9,12.3,21.5,0,60.1,5,7.6,6:35,19.689
2020.10.11,16.9,12.7,20.8,0,68.5,6,4.9,6:36,20.399
2020.10.12,16.2,12.1,21.3,0,68.6,0,7.5,6:37,19.572
2020.10.13,13.6,8.6,18.4,0,52.3,1,7.1,6:38,19.455
2020.10.14,12.8,8.5,18,0,47,2,5.8,6:39,19.6
2020.10.15,11.7,6.5,18.5,0,41.8,3,7.2,6:39,19.537
2020.10.16,11.8,8.6,15.4,0,64.3,4,0,6:40,19.857
2020.10.17,13.1,8.7,18.6,0,64.3,5,10.1,6:41,19.878
2020.10.18,13.6,7.2,20.2,0,65.5,6,9.7,6:42,20.421
2020.10.19,15.1,9.8,21.3,0,74.4,0,9.8,6:43,19.774
2020.10.20,15.2,9.9,21.7,0,67.1,1,10,6:44,19.665
2020.10.21,14.1,11.8,17.3,0,69.4,2,0.1,6:45,20.179
2020.10.22,13.5,8.4,18.2,0,66,3,5.4,6:46,20.155
2020.10.23,8.6,5.4,13.3,0,51.5,4,9.9,6:47,19.948
2020.10.24,8.7,3.2,14,0,47.6,5,9.9,6:48,20.383
2020.10.25,11.8,5.4,18.2,0,62.5,6,8.8,6:49,20.955
2020.10.26,12.9,8,19,0,71.6,0,9.2,6:50,20.072
2020.10.27,14,9,19.4,0,74.1,1,8.3,6:51,20.106
2020.10.28,13.8,8.6,18.2,0,52.1,2,9.2,6:52,20.064
2020.10.29,10.8,5.5,16.1,0,40.3,3,9,6:53,20.126
2020.10.30,11.9,5.8,19.6,0,42.9,4,9.7,6:54,20.04
2020.10.31,13.6,8.5,18.2,0,60.3,5,5.8,6:55,20.56
2020.11.1,13.7,11.6,15,13.6,84.3,6,0,,21.922
2020.11.2,10.8,7.9,15.6,1.7,58.3,0,9.6,,20.308
2020.11.3,5.1,2.7,8.6,0.5,47.5,1,9.2,,20.683
2020.11.4,4.9,0.2,10.8,0,43.9,2,9.6,,20.768
2020.11.5,9.6,3.4,15.9,0,61.5,3,8.4,,20.633
2020.11.6,13.5,9.9,17.2,0,63.3,4,0.3,,20.681
2020.11.7,14.6,12.2,18.1,0.1,68.8,5,7,,20.738
2020.11.8,8.5,3.1,12.4,0,43.8,6,9.5,,21.092
2020.11.9,5.5,0.7,8.9,0,40.9,0,6,,20.709
2020.11.10,7.7,3.5,12.9,0,56.1,1,9.6,,20.377
2020.11.11,9.3,3.5,16.5,0,53.5,2,9.6,,20.5
2020.11.12,10.4,4.6,17.7,0,56.9,3,9.4,,20.286
2020.11.13,12.2,8.5,17.6,0,71.5,4,5.5,,20.415
2020.11.14,12.5,6.8,19.3,0,66.9,5,8,,20.726
2020.11.15,11.1,8.2,14.9,0,75,6,6.8,,21.264
2020.11.16,12.4,7.5,18.3,0,70.1,0,8.4,,20.575
2020.11.17,15.9,11.7,20,0.1,67.5,1,1.3,,20.843
2020.11.18,16.6,14.8,18.7,12.2,91.4,2,0,,21.065
2020.11.19,13.6,6.9,19.1,86.9,90.5,3,0,,21.574
2020.11.20,2.8,0.3,7,0,74.3,4,0,,21.589
2020.11.21,6.5,-0.3,12.8,0.2,67.9,5,6.6,,21.606
2020.11.22,5.6,1.5,9.1,4.8,80.5,6,0.4,,22.594
2020.11.23,1.7,-1.5,5.9,0,61.4,0,9.2,,21.72
2020.11.24,2.9,0.2,6.4,0,54.5,1,1.3,,21.962
2020.11.25,4.6,0,9.5,0,64.1,2,4.6,,21.823
2020.11.26,5.6,1.9,10.9,0,66.5,3,6.6,,21.837
2020.11.27,4.1,0.6,7.7,0,61.6,4,5,,22.024
2020.11.28,-0.1,-2.3,2.8,0,50,5,9,,22.649
2020.11.29,-0.6,-3.6,2.6,0,59.6,6,1.5,,23.486
2020.11.30,-0.2,-3.6,4.3,0,57.8,0,9.1,,22.766
2020.12.1,1.1,-3.6,6.7,0,44.5,1,7.3,,22.624
2020.12.2,2.4,0.5,6.1,0,41.4,2,3.4,,22.577
2020.12.3,0.7,-2.3,4.2,0,47.1,3,9.1,,22.393
2020.12.4,-0.6,-4.6,4.4,0,53.8,4,9,,22.535
2020.12.5,2.1,-2.2,6.6,0,63.1,5,5.1,,22.701
2020.12.6,4.5,1.2,9.1,0,66.9,6,6,,23.05
2020.12.7,3.4,-0.7,6.3,0,57.5,0,7.4,,22.53
2020.12.8,-0.5,-3.5,4.1,0,50,1,8.7,,22.655
2020.12.9,1.5,-4.1,6.2,0,55.1,2,5.9,,22.686
2020.12.10,5.8,3.2,9.3,0,69.9,3,1.1,,22.586
2020.12.11,5.3,2.6,9.4,0,77.1,4,2.4,,22.455
2020.12.12,2.3,-0.3,6.1,0,51.3,5,8.6,,22.746
2020.12.13,-1.1,-6,2,2.9,74.9,6,1.1,,24.288
2020.12.14,-7.7,-9.7,-5,0,49.1,0,8.9,,24.084
2020.12.15,-8.3,-11.1,-4.6,0,43,1,9,,24.261
2020.12.16,-8.3,-11.2,-3.9,0,43.9,2,9,,24.424
2020.12.17,-4.9,-11.1,0.8,0,47,3,9,,24.21
2020.12.18,-2.1,-6.4,1.8,0.2,57,4,5.5,,23.917
2020.12.19,-5.1,-9.6,-1.2,0,45.1,5,9,,24.367
2020.12.20,-3.7,-8.2,1.1,0,50.4,6,9.1,,24.521
2020.12.21,-1,-6,4.7,0,64.1,0,8.8,,23.815
2020.12.22,2,-2.5,7.2,0,67.6,1,5.2,,23.359
2020.12.23,4.5,-0.4,8.5,0,76.6,2,1.7,,23.31
2020.12.24,2.6,-2,6.1,0,61.5,3,7.9,,22.902
2020.12.25,-0.8,-4.7,3.5,0,51.9,4,9,,23.233
2020.12.26,2.2,-2.1,8,0,65.8,5,8.2,,23.337
2020.12.27,5.8,1.4,10,0,62.9,6,5.9,,23.466
2020.12.28,6.7,4.2,11.4,1.3,72.1,0,8,,22.799
2020.12.29,0.1,-6.2,4.3,0.2,70.8,1,0,,23.603
2020.12.30,-10.9,-12.9,-6.2,0,55.5,2,8.3,,24.626
2020.12.31,-8.9,-12.9,-5,0,53.9,3,6,,24.897
2021.1.1,-4.2,-9.8,1.6,0,64,4,6.5,,24.495
2021.1.2,-5,-8.4,-1.4,0,38.5,5,9,,24.384
2021.1.3,-5.6,-9.1,-2,0,45,6,5.5,,24.997
2021.1.4,-3.5,-8.4,0.3,0,51.4,0,4.6,,24.467
2021.1.5,-5.5,-9.9,-2.1,0,52.8,1,8.6,,24.395
2021.1.6,-7.4,-12,-1.9,2.3,54.6,2,9.1,,24.784
2021.1.7,-14.5,-16.5,-8.4,0,49.9,3,6,,26.359
2021.1.8,-14.9,-18.6,-10.7,0,44,4,9.2,,26.772
2021.1.9,-12.2,-16.6,-7.5,0,46.3,5,9,,26.89
2021.1.10,-7.7,-12.8,-2.7,0,54.4,6,6.2,,26.743
2021.1.11,-6.7,-9.6,-4,0,62.1,0,0,,25.941
2021.1.12,-3.9,-9.3,-0.5,2.6,79.5,1,3.6,,25.143
2021.1.13,2,-3,8.3,0,80.3,2,6.1,,24.206
2021.1.14,1.7,-3.6,7,0,46.5,3,8,,23.569
2021.1.15,4.5,-0.7,9.9,0.2,67.4,4,0,,23.578
2021.1.16,-4.9,-8.7,-0.7,0,59.3,5,8.9,,24.039
2021.1.17,-5.5,-10.8,-1.3,0,58.5,6,7,,24.871
2021.1.18,-3.8,-9.1,0.2,0.3,64.3,0,2.5,,24.709
2021.1.19,-6.3,-11.6,-0.2,0,37.9,1,9.2,,24.356
2021.1.20,-0.1,-6.6,7.1,0,37.8,2,8.9,,23.707
2021.1.21,4.5,2.5,7,9.2,64.4,3,0,,23.548
2021.1.22,5.5,4.8,6.6,0.1,92.9,4,0,,23.099
2021.1.23,7.6,4.8,12.2,0,66,5,5.3,,22.677
2021.1.24,7.3,2.4,13.9,0,63.9,6,8.2,,22.74
2021.1.25,7.9,3,13.9,0,62,0,7.6,,22.044
2021.1.26,5.3,1.7,7.4,1.7,80.4,1,0,,22.587
2021.1.27,1.7,-1.8,6.5,0,47.6,2,8.4,,22.061
2021.1.28,-2.6,-9.7,1.4,2,52.3,3,2.3,,23.437
2021.1.29,-8.8,-11.6,-4.9,0,40,4,9.6,,24.002
2021.1.30,-1.6,-8.1,5.2,0.5,60,5,6.4,,23.785
2021.1.31,3.2,-3.8,8.7,0,57,6,6.7,,23.538
2021.2.1,5,-2.3,9.5,0.7,74.5,0,1.1,,22.733
2021.2.2,-5.6,-8.2,-2.4,0,44.1,1,9.6,,23.405
2021.2.3,-3.2,-9.4,1.4,3.4,64.6,2,6.6,,23.605
2021.2.4,-3.6,-7.4,0.7,0.1,50.1,3,9.6,,23.626
2021.2.5,1.4,-4.4,6.7,0,71.8,4,2.7,,23.124
2021.2.6,6.8,4.3,9.5,0,80.4,5,0.1,,23.032
2021.2.7,3.6,-2.6,7.7,0,67,6,6,,23.173
2021.2.8,-3.1,-5.4,0.2,0,43.6,0,9.6,,23.056
2021.2.9,-0.9,-6.1,4.7,0,51.9,1,9.7,,22.792
2021.2.10,3.4,-1.5,7.2,0,75.1,2,0.7,,22.811
2021.2.11,5.5,1.3,10.9,0,71.5,3,5.2,,22.634
2021.2.12,6.5,0.6,14,0,60.6,4,9.2,,21.526
2021.2.13,7.6,1,15.9,0,50.6,5,9.3,,21.446
2021.2.14,9.5,6.4,13.8,0,47.6,6,1.7,,22.355
2021.2.15,1.2,-5.2,8.2,1.4,65.1,0,4.3,,22.393
2021.2.16,-5.1,-7,-1.3,1.5,57.9,1,2.8,,23.31
2021.2.17,-8.3,-10.4,-5.2,0,44.1,2,9.8,,23.803
2021.2.18,-5.8,-10.6,-0.4,0,44.9,3,9.9,,23.658
2021.2.19,1.6,-7.1,8.9,0,66.9,4,8.9,,22.852
2021.2.20,8.8,5.5,14.9,0,60.4,5,7.8,,22.176
2021.2.21,10.8,4.7,17.4,0,66.6,6,9.7,,22.185
2021.2.22,7.8,0.4,12.6,0,58.3,0,6.3,,21.545
2021.2.23,0,-3.1,4.3,0,34,1,10,,21.895
2021.2.24,2.9,-3,10.1,0,33,2,8.4,,21.812
2021.2.25,4.2,0.7,8.2,0,35.1,3,0,,22.141
2021.2.26,8.2,0.5,15.8,0,35,4,9.1,,21.339
2021.2.27,9.5,4.3,16.2,0,48.6,5,10.3,,21.294
2021.2.28,7.8,3.2,10.8,0,49,6,2.6,,21.662
2021.3.1,4.7,0.5,9,67.5,91,0,0,,23.18
2021.3.2,2.3,0.2,6.9,0.1,75.9,1,4.7,,21.99
2021.3.3,4.4,-1.2,9.9,0,64.4,2,10.4,,21.461
2021.3.4,7.2,2.5,13,0,62.4,3,1.9,,21.471
2021.3.5,9,3,16.2,0,70.3,4,10.5,,20.967
2021.3.6,6.6,3.2,11.6,0,69.5,5,3.6,,21.725
2021.3.7,6.2,2.1,12.2,0,62.9,6,9.6,,21.963
2021.3.8,7,1.5,13.9,0,60.3,0,10.8,,21.17
2021.3.9,6.6,2.1,12.2,0,58.5,1,9.4,,21.042
2021.3.10,8.8,1.7,17.1,0,61.8,2,10.2,,20.784
2021.3.11,10.2,4.7,17.1,0,50.8,3,7.9,,20.78
2021.3.12,10.5,7.2,14.9,0,57,4,0.1,,21
2021.3.13,9.2,4.6,14.2,0,62.8,5,6,,21.192
2021.3.14,9.1,4.9,14.7,0,71.4,6,8.2,,21.662
2021.3.15,10.6,5.1,15.7,1.7,68.8,0,2.7,,20.957
2021.3.16,8.4,4.9,13.1,1.3,52.5,1,10.6,,20.614
2021.3.17,8.8,1.8,17.5,0,44.9,2,10.7,,20.506
2021.3.18,11.7,5,18.4,0,50.1,3,8.1,,20.495
2021.3.19,15.3,11.4,20.2,0,47.9,4,8.8,,20.205
2021.3.20,9.9,7.4,14.7,5.1,74.6,5,0,,21.802
2021.3.21,5.8,3.1,8.6,0.3,65.9,6,2.9,,21.834
2021.3.22,6.2,1.1,11.1,0,55.3,0,11.1,,20.791
2021.3.23,9.1,2.5,16.4,0,63.5,1,10.3,,20.509
2021.3.24,10.8,5.7,16.9,0,61.5,2,7.9,,20.41
2021.3.25,11.9,6.8,19,0,68.5,3,9.7,,20.226
2021.3.26,12.6,4.8,20.6,0,58.4,4,7.3,,20.246
2021.3.27,12.1,10.2,15,25.5,70.9,5,0,,21.51
2021.3.28,9,7.7,13,9.2,95.8,6,0,,22.22
2021.3.29,10.2,7.3,14.6,0.2,62.3,0,7.1,,20.619
2021.3.30,10.8,4.1,18.2,0,47.3,1,11.1,,20.154
2021.3.31,14.5,5.9,22.9,0,41,2,11.4,,19.864
2021.4.1,17.7,12,24,0,33,3,10,,19.983
2021.4.2,17.8,12.5,23,0,35.6,4,3.4,,20.019
2021.4.3,14.9,10.9,18,56.2,80.8,5,0,,21.675
2021.4.4,11.9,9,15.8,0.6,65.8,6,1.5,,21.273
2021.4.5,11.9,5.4,19.3,0,47.9,0,12,,20.075
2021.4.6,13.9,9.4,19.2,0,50.9,1,10.6,,19.788
2021.4.7,14.1,8.1,20.4,0,47.5,2,11.9,,19.872
2021.4.8,13,7.2,18,0,34,3,12.1,,19.757
2021.4.9,13.6,7.6,19.6,0,39.3,4,11.9,,19.702
2021.4.10,12.6,7.7,18.8,0,50,5,11.5,,20.11
2021.4.11,15,7.5,21.8,0,45.4,6,10.6,,20.617
2021.4.12,13.8,11.9,17.8,22,70.4,0,0,,20.667
2021.4.13,10.4,5.7,13.5,8,74,1,2.9,,20.186
2021.4.14,8.4,3.1,13.3,0,58.5,2,12.4,,19.925
2021.4.15,11.6,6.3,18.3,0,62.3,3,11.1,,19.826
2021.4.16,11.3,8.1,14.8,0.7,60,4,3.7,,20.461
2021.4.17,9.6,6,14.6,0,56.6,5,3.5,,20.772
2021.4.18,9.9,5.6,15.3,0,64.3,6,11.9,,20.787
2021.4.19,12.2,5.8,19.4,0,65.3,0,12.1,,19.791
2021.4.20,14.8,8.1,22,0,55.1,1,11,,19.303
2021.4.21,19.1,10.3,28.2,0,43.1,2,11.1,,19.773
2021.4.22,20.9,16.1,27.5,0,37.9,3,2.6,,19.935
2021.4.23,19,17,21.7,0,41.4,4,0.3,,19.97
2021.4.24,18.3,15.3,22.2,0,43,5,1.6,,20.135
2021.4.25,18.2,12.6,24,0,50,6,11.5,,20.456
2021.4.26,16.2,12.3,20.6,0,51.8,0,9.2,,19.761
2021.4.27,15.4,12.5,20,1.7,62.4,1,0.5,,19.983
2021.4.28,14.5,11.2,18.2,4.7,64.1,2,2.2,,19.784
2021.4.29,14.6,10.9,20.1,3.9,54.1,3,4.4,,19.884
2021.4.30,11.3,8.6,14.6,26.3,81.8,4,1.1,,20.188
2021.5.1,10.2,8.5,15.3,8,80.8,5,1.2,5:38,20.58
2021.5.2,12.4,7.3,18.7,1.7,67.9,6,10.8,5:37,20.412
2021.5.3,14.1,8.4,20.3,0,56.4,0,11.6,5:35,19.65
2021.5.4,13.8,11.4,15.8,19.6,82.6,1,0,5:34,20.392
2021.5.5,13.9,10.3,18.4,0.1,64.4,2,11.5,5:33,20.019
2021.5.6,15.7,7.9,23.1,0,46.4,3,10.6,5:32,19.503
2021.5.7,14.4,10.7,17.2,8.8,60.3,4,5.9,5:31,19.859
2021.5.8,14.3,8.9,21,0,66.1,5,8.9,5:30,20.054
2021.5.9,15.7,10,21.8,0,51.3,6,13,5:29,20.286
2021.5.10,13.2,11.7,14.6,0,67.9,0,0,5:28,20.305
2021.5.11,18.5,9.4,25.7,0,48.9,1,13.2,5:27,19.444
2021.5.12,22,16.9,27.7,0,39.5,2,11,5:26,19.454
2021.5.13,22.9,16.6,29.6,0,54.4,3,12.8,5:25,19.721
2021.5.14,24.1,18,30.8,0,60.3,4,10.8,5:24,20.179
2021.5.15,22.1,20.8,26.2,15,79.5,5,0.5,5:23,21.632
2021.5.16,18.4,14.8,20.8,66.9,97.6,6,0,5:23,22.428
2021.5.17,15.3,14.2,16.7,3.1,93,0,0,5:22,20.508
2021.5.18,17.9,13.6,24.5,0,70.5,1,8.4,5:21,19.582
2021.5.19,19.9,12.4,26.6,0,52.3,2,13.2,5:20,20.124
2021.5.20,18.7,15.6,22.9,0.9,59.8,3,0,5:19,20.1
2021.5.21,16,14.2,18.2,6.9,86.5,4,0.9,5:19,20.028
2021.5.22,18.6,13.8,23.8,0.2,69.3,5,12.7,5:18,20.003
2021.5.23,19.5,14.3,25.1,0,64.4,6,6,5:17,20.614
2021.5.24,19.4,16.4,24.5,0,61,0,9.1,5:17,19.847
2021.5.25,15.3,11.9,19.3,8.3,72.3,1,6.4,5:16,19.765
2021.5.26,18,11.5,23,0,58.5,2,5.3,5:16,19.616
2021.5.27,15.8,13.9,18.7,8.9,83,3,0.5,5:15,20.079
2021.5.28,15.3,12.4,19.7,12.3,86,4,1.9,5:15,20.036
2021.5.29,15.4,12.8,19.1,0.3,79.8,5,3.9,5:14,20.426
2021.5.30,18.4,10.8,26.3,18.1,73,6,11.6,5:14,20.513
2021.5.31,19.9,16.5,23.8,4,78.9,0,2,5:13,20.162
2021.6.1,20.2,15.9,23.9,3.2,74.6,1,1.9,5:13,20.154
2021.6.2,23.2,16.6,29.7,0,64.4,2,11.9,5:12,20.325
2021.6.3,19.1,14.6,22.7,18.1,80.8,3,0.2,5:12,20.917
2021.6.4,18.5,13.3,23.6,0,69.4,4,10.9,5:12,19.856
2021.6.5,20.8,17,25.7,0,68.1,5,8.4,5:11,20.455
2021.6.6,23,18.4,28.2,0,69.6,6,8.3,5:11,21.541
2021.6.7,21.1,19.4,24,0,71.5,0,0.3,5:11,20.807
2021.6.8,23.6,18.8,29.5,0.1,69.6,1,7.1,5:11,21.158
2021.6.9,25.8,19.5,31.6,0,59.1,2,9.9,5:11,22.12
2021.6.10,24.9,20.5,29.8,6.1,68.5,3,1.3,5:10,22.97
2021.6.11,21.5,19.9,24.4,4.6,84.5,4,1.8,5:10,21.974
2021.6.12,24.2,18.2,30.2,0,74.6,5,9.1,5:10,23.151
2021.6.13,24.8,20.9,29.7,0,72.6,6,10.2,5:10,24.752
2021.6.14,24.8,18.9,30.2,0,68.8,0,8.3,5:10,23.756
2021.6.15,22.5,21.5,25.3,1.9,79.1,1,1.6,5:10,22.834
2021.6.16,24.3,20.3,28.9,0,59.9,2,11.5,5:10,22.263
2021.6.17,21.9,19.6,25,0,71.4,3,0.3,5:10,21.744
2021.6.18,20,19,21.4,6.3,92.1,4,0,5:10,21.581
2021.6.19,22.3,17.5,27.4,0,74,5,10.5,5:11,21.882
2021.6.20,22.9,17.6,29,0,73.3,6,10.7,5:11,22.855
2021.6.21,23.6,19.2,28.5,0,67,0,11.1,5:11,22.164
2021.6.22,22.8,19.7,28.6,0,67.9,1,6.8,5:11,22.074
2021.6.23,22.4,18.8,27.9,7.5,70.5,2,7.2,5:11,21.749
2021.6.24,23,18.5,28,0,71.1,3,5.7,5:12,21.974
2021.6.25,24.1,19.5,29.5,0,69,4,9.7,5:12,22.448
2021.6.26,22.8,19.9,26.7,4.5,78.5,5,2.3,5:12,22.901
2021.6.27,24.5,19.8,30.8,38.2,72.1,6,8.1,5:13,24.247
2021.6.28,23.7,21,29.2,0.1,76.4,0,2.2,5:13,23.275
2021.6.29,23.9,21.3,28.4,8,78.6,1,4.2,5:13,23.594
2021.6.30,24.3,21,28.8,6,77.9,2,4,5:14,23.846
2021.7.1,26.3,21.4,31,0,70.9,3,8.2,5:14,25.218
2021.7.2,27.1,23.6,31.8,0,64.1,4,7.4,5:15,25.871
2021.7.3,22.6,19.6,25.7,60,80,5,0.9,5:15,24.824
2021.7.4,21.4,19.8,23.1,21.4,96.8,6,0,5:16,24.841
2021.7.5,23.3,20.1,26.9,0,80.3,0,0.9,5:16,23.137
2021.7.6,25.3,21,30.1,0,73.4,1,4.3,5:17,24.33
2021.7.7,26.4,23.9,29.1,12.7,78.5,2,1.1,5:17,26.278
2021.7.8,26,23.8,29.8,2.9,81.6,3,2.9,5:18,27.319
2021.7.9,25.5,23.6,29.2,0,77.3,4,3.8,5:18,26.455
2021.7.10,25.9,23.1,29.2,0.5,80.4,5,4.2,5:19,27.988
2021.7.11,25.7,24.1,27.5,0.4,86.8,6,0.1,5:20,29.785
2021.7.12,28.1,23.8,32.5,0,75.1,0,4.9,5:20,30.55
2021.7.13,28.8,26.3,31.5,0,76.1,1,1.4,5:21,32.774
2021.7.14,29.7,26.1,33.5,0,71.4,2,7.1,5:22,35.113
2021.7.15,29.1,25.9,34.5,0,71.1,3,8.7,5:22,35.051
2021.7.16,28.8,24.2,35.2,0,68.4,4,10.5,5:23,34.124
2021.7.17,29.1,24.7,32.8,0,63.1,5,8.9,5:24,34.4
2021.7.18,29.6,25.7,34.1,0,62.5,6,8.4,5:24,36.459
2021.7.19,26.4,24,30.5,67.4,80.1,0,3.1,5:25,33
2021.7.20,27.9,23.6,31.8,0,75.8,1,3.4,5:26,33.821
2021.7.21,30.5,25.3,35.3,0,64,2,11.3,5:27,37.374
2021.7.22,31.2,26.5,35.9,0,59.8,3,11.4,5:27,38.53
2021.7.23,31.2,27.2,35.8,0,61.8,4,12.4,5:28,39.655
2021.7.24,31.7,26.9,36.5,0,57.4,5,12.3,5:29,41.789
2021.7.25,31.5,27.2,35.9,0,55.8,6,13,5:30,42.79
2021.7.26,31.2,27.4,35.4,0,54.9,0,13.2,5:30,40.069
2021.7.27,31.1,27.8,35.7,0,60.5,1,7.3,5:31,41.446
2021.7.28,30.4,27.1,34.7,0,67.4,2,6.5,5:32,40.764
2021.7.29,29.6,27,33.3,0,69.9,3,2.2,5:33,39.268
2021.7.30,30.5,25.8,35.4,0,63.1,4,7.7,5:34,38.904
2021.7.31,29.8,26.8,34.3,3,69.9,5,7.7,5:35,40.142
2021.8.1,27.1,25.1,28.8,21,81.8,6,0,5:35,36.771
2021.8.2,26.5,25,28.6,1.7,82.6,0,0.6,5:36,32.21
2021.8.3,28,24.1,31.4,0,76.9,1,4.3,5:37,33.509
2021.8.4,28.9,26.3,33.2,0,70.6,2,6.1,5:38,35.104
2021.8.5,29.4,25.6,33.7,0,68.1,3,8.9,5:39,36.004
2021.8.6,28.1,26,32.2,0,68.4,4,6.3,5:40,34.53
2021.8.7,28,23.4,32.3,0,65,5,11.3,5:40,34.359
2021.8.8,26.8,24.4,32.1,12.7,74.8,6,2,5:41,33.95
2021.8.9,28.3,23.3,33.6,0,62.4,0,8.6,5:42,31.915
2021.8.10,27.7,24.3,32.2,0,62.5,1,8.5,5:43,31.504
2021.8.11,27.4,24.1,31.6,0,70.3,2,5.3,5:44,31.439
2021.8.12,26.8,24,31.7,0,67.1,3,4.4,5:45,30.463
2021.8.13,26.6,23.4,30.1,0,70.4,4,1.7,5:46,28.908
2021.8.14,26.1,23.4,30.5,0,63.9,5,4.5,5:46,27.41
2021.8.15,26.9,21.7,32.4,0,59.6,6,10.2,5:47,27.8
2021.8.16,27.3,22.5,32.8,0,61.1,0,10.4,5:48,29.052
2021.8.17,25.9,21.9,31.3,9.3,65,1,5.8,5:49,27.351
2021.8.18,24.3,20.6,31,5.6,69.6,2,5.8,5:50,25.356
2021.8.19,26,21,31.5,0,57.1,3,8.6,5:51,25.208
2021.8.20,26.6,22.6,30.7,0,63.6,4,5.5,5:52,26.511
2021.8.21,23.8,21,25.5,62.8,88.1,5,1,5:52,26.64
2021.8.22,24.4,22.4,27,0,81.5,6,0.7,5:53,26.106
2021.8.23,22.4,21,24,7.4,89.3,0,0,5:54,24.369
2021.8.24,23.4,21.1,26.4,10.5,93.6,1,0,5:55,24.966
2021.8.25,25,23.5,27.3,0.3,85.5,2,0.7,5:56,25.146
2021.8.26,25.5,22.9,27.9,0.7,84.9,3,0.2,5:57,25.809
2021.8.27,22.4,20.4,25.5,0.9,83.5,4,0,5:57,24.214
2021.8.28,23.6,19.7,28.2,0,80.4,5,3.8,5:58,23.908
2021.8.29,23.7,21.9,26.3,0.9,82.6,6,1,5:59,24.431
2021.8.30,24.2,21.2,27.7,0,77.5,0,1.1,6:00,23.941
2021.8.31,20.5,18.1,23.1,77.4,93.3,1,0,6:01,23.299
2021.9.1,21.4,18.5,23.9,0.8,83.1,2,0,6:02,22.205
2021.9.2,23.5,20.7,26.7,0,70.3,3,1.4,6:02,22.078
2021.9.3,24.3,20.6,29.2,0,60.3,4,11.2,6:03,22.179
2021.9.4,23.2,18.5,28.6,0,57,5,9.3,6:04,22.144
2021.9.5,23.1,19.4,27.3,0,61.1,6,4.6,6:05,22.339
2021.9.6,22.3,18,26.4,12,70.1,0,2.4,6:06,21.66
2021.9.7,19.6,17.6,20.9,29.6,98.1,1,0,6:07,22.057
2021.9.8,22.2,19,26.9,1.6,81.3,2,7.1,6:07,21.651
2021.9.9,23.5,19.1,29.1,0,76.5,3,8,6:08,21.982
2021.9.10,23.6,19.5,28.9,0,76,4,6.4,6:09,22.317
2021.9.11,24,19.9,29.4,0,73.1,5,8.7,6:10,23.186
2021.9.12,24.2,19.2,29.8,0,64.6,6,10.2,6:11,23.846
2021.9.13,24.8,20.8,30.3,0,67.1,0,6.1,6:12,23.137
2021.9.14,24.6,20,29.5,0,63.3,1,10.3,6:12,22.9
2021.9.15,23.6,19.5,28.9,0,57.5,2,11.4,6:13,22.22
2021.9.16,22.9,18,27.3,0,61.1,3,9.1,6:14,21.9
2021.9.17,23.5,20.5,28.2,0,61.4,4,6.6,6:15,22.081
2021.9.18,23.9,18.9,29.8,0,65.1,5,8.8,6:16,22.736
2021.9.19,23.7,20.8,27.8,0,62.9,6,2.8,6:17,22.427
2021.9.20,23.7,19,28.4,0,63.6,0,10.3,6:17,22.118
2021.9.21,22,17.4,26.2,68.1,85.1,1,4.3,6:18,22.21
2021.9.22,20.2,16.8,24.3,4.5,79,2,6.5,6:19,22.009
2021.9.23,20.9,16.9,25.9,0,67.3,3,8,6:20,21.093
2021.9.24,21.8,16.7,26.9,0,67.5,4,9.9,6:21,21.118
2021.9.25,21.2,18.7,23.1,0,72.6,5,0,6:22,21.568
2021.9.26,22.6,18.4,27.3,0,63,6,8.3,6:23,22.044
2021.9.27,21.6,18.7,25,0,66,0,2.2,6:23,21.107
2021.9.28,21.5,19.6,24.4,1.3,75.1,1,0.7,6:24,21.192
2021.9.29,20.2,17.8,21.4,13.1,93.5,2,0,6:25,21.543
2021.9.30,20.3,16,25.9,0,83.9,3,7.4,6:26,21.065
2021.10.1,21.1,16.9,27.5,13.3,75.8,4,9.3,6:27,20.991
2021.10.2,20.7,16.4,26.6,0,77.1,5,8.1,6:28,21.307
2021.10.3,22.3,17.1,28.8,0,69.5,6,8.4,6:29,21.554
2021.10.4,22.9,19.2,25.6,3.6,81,0,0,6:29,22.839
2021.10.5,23.6,21.7,26.5,0,82.4,1,1.5,6:30,22.327
2021.10.6,18.8,17.9,21.7,6.4,91.5,2,1.2,6:31,21.545
2021.10.7,19.4,17.9,21.9,4.6,85.5,3,0,6:32,21.193
2021.10.8,18.8,17.5,20,3.5,91.3,4,0,6:33,21.134
2021.10.9,20.9,18.5,24.1,0.4,83.5,5,1.9,6:34,21.16
2021.10.10,19.9,14.9,24.3,14.2,89,6,0,6:35,21.887
2021.10.11,15.2,12.6,17.8,0.3,78.6,0,1.7,6:36,20.896
2021.10.12,17.9,15.8,21.3,0,67.1,1,3,6:37,20.276
2021.10.13,19.6,14.9,25.2,0,66.6,2,9,6:38,20.129
2021.10.14,19.7,17.4,23.9,0,73.6,3,6.1,6:39,20.324
2021.10.15,19,17,21.4,0,74.4,4,0.7,6:39,20.533
2021.10.16,10.7,4.2,18.1,0,47.5,5,1.5,6:40,20.731
2021.10.17,5.6,1.3,10.8,0,37.4,6,10.3,6:41,21.161
2021.10.18,9.6,2.8,16.1,5.6,60.4,0,4.3,6:42,20.615
2021.10.19,10.9,7.1,15,4.4,72.8,1,6.5,6:43,20.533
2021.10.20,9.5,4.6,15.8,0,64.9,2,10,6:44,20.44
2021.10.21,9.8,4.9,16.2,0,64.1,3,4,6:45,20.512
2021.10.22,10.8,5.2,17.2,0,58.4,4,10,6:46,20.382
2021.10.23,11.4,5.7,18.4,0,57.3,5,9.6,6:47,20.72
2021.10.24,11.4,6,18.1,0,63.1,6,9.9,6:48,21.214
2021.10.25,11.7,6.3,17.6,0,64.5,0,7,6:49,20.486
2021.10.26,13,7.7,19,0,74.5,1,8.6,6:50,20.44
2021.10.27,13.4,9.8,18.1,0,63.4,2,8.2,6:51,20.398
2021.10.28,12.7,7.1,20,0,54.6,3,9.7,6:52,20.279
2021.10.29,14.6,10.5,20.6,0,55.9,4,8.7,6:53,20.236
2021.10.30,13.8,11,18,0,62.4,5,1.6,6:54,20.749
2021.10.31,14.1,9.2,20.3,0.7,73.3,6,7.6,6:55,21.175
2021.11.1,12.9,10.3,16.9,0,77.3,0,6.3,,20.577
2021.11.2,11.5,7.9,16.9,0,76.6,1,7.8,,20.421
2021.11.3,12.1,7.6,17.1,0,71.1,2,8.5,,20.354
2021.11.4,12.1,8.4,16.3,0,80.4,3,3.9,,20.647
2021.11.5,13,7.8,20.2,0,68.5,4,9.2,,20.39
2021.11.6,14.1,8.8,21.3,0,61.1,5,8.3,,20.638
2021.11.7,15.3,9.7,21.3,0,57.5,6,6.8,,21.15
2021.11.8,8.6,4.5,15.5,25.7,82.1,0,0.1,,21.588
2021.11.9,4.9,3,6.5,2,80.3,1,0,,21.537
2021.11.10,4.2,0.7,7.7,0.3,73.4,2,3.2,,21.495
2021.11.11,5.3,2.1,9.7,0,60.6,3,6.3,,21.351
2021.11.12,4.5,1.3,8.6,0,55.4,4,8.3,,21.273
2021.11.13,7.3,0.5,13.4,0,66.1,5,5.4,,21.553
2021.11.14,11.3,7.8,16.4,0,69.8,6,6.4,,21.852
2021.11.15,10.1,5.8,15.7,0,71.3,0,7.9,,21.168
2021.11.16,8.5,4.4,13.6,0,65.5,1,9,,21.106
2021.11.17,7.5,2.7,12.5,0,64.1,2,7.3,,21.24
2021.11.18,11.9,7.7,16.2,0,70.8,3,1.9,,21.328
2021.11.19,12.9,10.2,16.7,0,84.8,4,0.9,,21.143
2021.11.20,10.4,6.8,15.6,0,77,5,5.6,,21.446
2021.11.21,10.4,7.6,13.1,5.9,74.4,6,0,,22.297
2021.11.22,2.7,-0.6,7.5,1.3,61.8,0,5.4,,21.867
2021.11.23,-0.6,-3.7,2.3,0,60.9,1,5.7,,22.236
2021.11.24,4.1,-2.6,9.1,0,64.3,2,4.9,,22.03
2021.11.25,5.7,2.6,9.9,0,55,3,7.9,,21.652
2021.11.26,2.9,-0.5,7.2,0,57.5,4,4.7,,21.88
2021.11.27,3.4,-1.4,10.1,0,53,5,9.2,,22.14
2021.11.28,5.1,-1.3,12.4,0,52.4,6,8,,22.577
2021.11.29,7.6,2.5,13.7,0,62,0,4.7,,21.815
2021.11.30,5.7,0.7,8.9,27.2,80.4,1,0,,22.622
2021.12.1,-1.3,-3,1.5,0,51.8,2,9.1,,22.649
2021.12.2,1.3,-4.6,5,0.1,68.9,3,4.1,,22.74
2021.12.3,1.9,-1.8,4.6,0.4,53.3,4,9.1,,22.358
2021.12.4,1.4,-2.7,7,0,48.5,5,7.2,,22.809
2021.12.5,2.9,-2.3,9.6,0,50.4,6,9.2,,23.067
2021.12.6,5.4,-0.7,12.1,0,61.4,0,7.3,,22.267
2021.12.7,6.8,2.6,13.3,0,68.3,1,8.3,,22.024
2021.12.8,6.7,1.9,13.3,0,70,2,9.1,,21.928
2021.12.9,6.5,2.7,9.7,0,70.3,3,1.4,,22.128
2021.12.10,7,5.8,8.2,0.7,81.5,4,0,,22.373
2021.12.11,6,4.4,9.8,0,83.6,5,3.5,,22.442
2021.12.12,1.2,-3.8,5.1,0,61.8,6,8,,23.081
2021.12.13,-2.2,-5.9,1.9,0,43.8,0,9.1,,22.958
2021.12.14,3.7,-0.7,8.2,1.2,64.9,1,2.5,,22.747
2021.12.15,7.2,5.4,10,2.1,84.8,2,0.9,,22.402
2021.12.16,6.4,3.3,9.8,0,71.6,3,5,,22.241
2021.12.17,-5.6,-10.1,3.2,0,50.5,4,8.7,,23.332
2021.12.18,-5.7,-11.2,-1.8,2.8,64.1,5,4.3,,24.588
2021.12.19,-0.8,-5.8,4.2,0.2,63.8,6,8.9,,24.274
2021.12.20,5.2,-0.9,11.1,0,77.9,0,6.1,,22.987
2021.12.21,5.2,0.8,8.9,0,70.9,1,6,,22.572
2021.12.22,2.2,-2.6,8.2,0,47.4,2,8.9,,22.63
2021.12.23,2.7,-1.5,8.3,0,53.5,3,6.9,,22.615
2021.12.24,-0.3,-7.3,3.2,0.2,65.3,4,0,,23.477
2021.12.25,-11.7,-14.4,-7.3,0,42.4,5,9.1,,24.56
2021.12.26,-12.1,-15.5,-7.3,0,43.5,6,9.1,,25.629
2021.12.27,-7.6,-12.9,-3.9,0,60.9,0,3.8,,25.339
2021.12.28,-4.1,-8.5,-0.9,0,73.8,1,1.7,,24.869
2021.12.29,0.4,-3.8,5.9,0.2,72.9,2,1.8,,24.359
2021.12.30,-3.9,-6.8,0.2,0,48.5,3,7.3,,24.305
2021.12.31,-6.7,-8.8,-3.9,0,35.9,4,9,,24.613
2022.1.1,-4.3,-10.2,2.3,0,46.3,5,9,,23.651
2022.1.2,-1.3,-5.2,3,0.3,57.9,6,5.4,,24.097
2022.1.3,-1.9,-8,2.5,0,58.3,0,7.8,,24.182
2022.1.4,-2.5,-5.6,1,0,51.8,1,9,,23.917
2022.1.5,-2.8,-7.8,1.9,0,47.6,2,1.9,,24.215
2022.1.6,-2.2,-5.9,3.3,0,47.1,3,9.1,,23.783
2022.1.7,-1.6,-5.9,4.5,0,47.1,4,9.1,,23.667
2022.1.8,0.3,-5,3.7,0,64.3,5,0.7,,24.147
2022.1.9,1.3,-1.2,5.6,0,71.5,6,4.5,,24.089
2022.1.10,0.5,-3.4,4.4,0.9,68.3,0,3.9,,23.646
2022.1.11,-7.4,-10.3,0.3,0.2,55.5,1,9.1,,24.41
2022.1.12,-7.7,-11.3,-3.4,0,47.8,2,8.6,,24.685
2022.1.13,-6.4,-8.9,-3.1,0,45.8,3,9.1,,24.6
2022.1.14,-4.8,-10.1,1.3,0,41.8,4,9.1,,24.444
2022.1.15,-1,-5.3,1.8,0,48.3,5,0.9,,24.643
2022.1.16,-2,-7.2,2.4,0,54.5,6,8.8,,24.507
2022.1.17,-5.8,-9.2,0.1,0.5,59.9,0,4.5,,24.633
2022.1.18,-5.6,-9.9,-0.7,0,47.9,1,9.2,,24.491
2022.1.19,-5.3,-7.7,-2.7,1.7,72.3,2,0,,25.102
2022.1.20,-5,-9.8,0.9,0,63.5,3,9.1,,24.476
2022.1.21,-2.7,-8.7,4.6,0,55.6,4,9.2,,24.022
2022.1.22,0.3,-5,7.1,0,52.4,5,6,,24.068
2022.1.23,2,-0.6,6.7,0,52.4,6,5.3,,24.069
2022.1.24,4.6,1.3,8.4,0,56,0,4,,23.245
2022.1.25,2.8,1.9,4.5,0.7,80,1,0,,23.516
2022.1.26,1.3,-1.9,6.8,0,62.8,2,8.4,,23.091
2022.1.27,-1.1,-4.6,4,0,50,3,8.9,,23.333
2022.1.28,-2.7,-5.9,2.1,0,51.6,4,9.2,,23.558
2022.1.29,-3.6,-7.2,0.9,0,48.9,5,9.5,,23.749
2022.1.30,-2.8,-8,2.4,0,45.4,6,9.6,,23.195
2022.1.31,-0.7,-6.8,4.8,1.2,59,0,8,,20.429
2022.2.1,-1.3,-2.7,0.9,1.7,76.6,1,4.7,,23.096
2022.2.2,-3.4,-6,0,0,60.5,2,9.2,,23.94
2022.2.3,-3.4,-6.9,0.4,0,52.4,3,9.7,,23.954
2022.2.4,-5.2,-8.2,-0.7,0,53.3,4,7.3,,24.07
2022.2.5,-6.6,-9.7,-2,0,48.8,5,9.1,,24.711
2022.2.6,-3.9,-8.4,1.7,0,50.3,6,9.5,,24.77
2022.2.7,-2.5,-7.3,1.9,0,51.3,0,6.5,,24.198
2022.2.8,-0.1,-4.1,5.6,0,53.8,1,8.1,,23.619
2022.2.9,1,-4.3,7.2,0,52.3,2,9.2,,23.456
2022.2.10,1.4,-3.2,6.7,0,57.8,3,9.6,,23.187
2022.2.11,2.9,-2.6,8.8,0,61.1,4,8.9,,23.069
2022.2.12,4.8,-0.1,10.4,0,50.4,5,9.3,,22.985
2022.2.13,4.8,1.6,9.5,0,44.9,6,3,,23.407
2022.2.14,2.5,-1.3,8.1,1.7,68.3,0,0.9,,23.26
2022.2.15,-4.7,-7.7,-1.3,0,58,1,3,,23.892
2022.2.16,-7.3,-9.6,-4.1,0,50.4,2,9,,24.346
2022.2.17,-6.2,-10.7,-0.5,0,41.6,3,9.8,,24.414
2022.2.18,-1.2,-8,5.7,0,40.4,4,8.6,,23.689
2022.2.19,-1.7,-6.2,3.7,0.1,52.9,5,2.9,,24.169
2022.2.20,-4.8,-8.4,-0.5,0,41.1,6,10,,24.639
2022.2.21,-3,-8.1,3.6,0.1,56.3,0,6.5,,24.245
2022.2.22,-4.5,-8,0.5,0,43.3,1,8,,24.178
2022.2.23,-5.6,-10,-0.6,0,38.5,2,10.2,,24.303
2022.2.24,-2.4,-8.5,3.7,0,52.4,3,10.3,,23.905
2022.2.25,3,-3.6,8.4,0,77.5,4,6.4,,23.374
2022.2.26,5.4,1,9.3,1.1,78.4,5,0.2,,23.556
2022.2.27,3.7,-1.6,9.1,0,56.6,6,10.5,,23.173
2022.2.28,6.8,2.7,11.5,0,62.3,0,3.4,,22.586
2022.3.1,5.8,0.3,9.7,2.3,70.5,1,2.5,,23.281
2022.3.2,3.5,-2.3,8.8,0,55.9,2,10.7,,22.556
2022.3.3,5.8,0.9,12.4,0,52.9,3,10.6,,22.214
2022.3.4,6.9,0.6,14.6,0,60.5,4,3.7,,22.391
2022.3.5,2.3,-0.7,6.7,0,38.4,5,10.5,,22.765
2022.3.6,1.4,-3,6.8,0,39.5,6,10.8,,23.249
2022.3.7,2.8,-2.7,8.7,0,45.8,0,7,,22.629
2022.3.8,6,1.1,12.3,0,56.1,1,8.2,,22.173
2022.3.9,7.1,1.7,14.8,0,69.6,2,8.7,,22.723
2022.3.10,9.3,4.2,15.8,0,51.4,3,9.3,,22.133
2022.3.11,11.2,5.1,18.4,0,58.4,4,5.9,,21.802
2022.3.12,12.8,6.3,19.5,2.6,72.1,5,3.2,,22.191
2022.3.13,11.7,10.7,12.6,42.1,95.5,6,0,,23.273
2022.3.14,8.2,4.9,13.2,8.7,90.3,0,0,,22.533
2022.3.15,7.2,2.3,13.3,0,72.6,1,7.1,,21.703
2022.3.16,10.3,3.6,16.8,0,62.6,2,8.1,,21.562
2022.3.17,10.7,7.8,15.1,1.2,62,3,1.9,,21.702
2022.3.18,7.5,5.5,9.6,0,60.8,4,0,,22.036
2022.3.19,3.4,0.9,6.1,14.6,84.6,5,0,,22.028
2022.3.20,5.4,2.2,9.3,0,66.1,6,6.3,,22.717
2022.3.21,5,-0.3,10.9,0,49.5,0,6.8,,21.983
2022.3.22,7.1,1.1,13.6,0,48.9,1,11,,21.578
2022.3.23,6.2,4.9,8.2,0,56.8,2,0,,22.162
2022.3.24,8.2,3.9,12.4,0,70.6,3,0.7,,22.093
2022.3.25,12,6.3,17.2,10.9,70,4,1.3,,21.664
2022.3.26,11.8,9.5,14.7,19.8,80.9,5,0.9,,22.303
2022.3.27,8.1,5,12.6,0,49.1,6,10.4,,22.099
2022.3.28,8.2,1.5,15.1,0,35.6,0,11.7,,21.219
2022.3.29,9.7,3.3,15.6,0,52.9,1,11.2,,21.033
2022.3.30,10.8,5.9,15.7,0.4,76.5,2,1.2,,21.523
2022.3.31,10.9,7.6,14.7,0,63.5,3,3.3,,21.105
2022.4.1,9.2,4.5,14.9,0,50.5,4,10.9,,20.679
2022.4.2,8.2,3.7,14.2,0,55,5,11.8,,21.244
2022.4.3,9.6,3.5,17,0,55,6,11.9,,21.627
2022.4.4,10.3,5.1,16.4,0,50.3,0,11.6,,20.851
2022.4.5,10.3,4.9,15.8,0,41.1,1,9.9,,20.715
2022.4.6,11.7,8,17,0,52.3,2,8.6,,20.623
2022.4.7,10.9,7.4,15.7,0,43.5,3,10,,20.522
2022.4.8,12.9,5.1,20,0,49,4,12,,20.36
2022.4.9,17.8,12.4,24.2,0.5,43.8,5,9,,20.74
2022.4.10,18.2,12.7,25.1,0,46,6,11.5,,21.104
2022.4.11,19.6,13.4,26.6,0,60.4,0,10.2,,20.357
2022.4.12,19.3,15.9,26.4,0.5,77.9,1,6,,20.54
2022.4.13,13.1,12,15.9,1.3,69.3,2,0,,21.062
2022.4.14,13.2,11.4,15.3,0,53.4,3,0,,20.604
2022.4.15,13.3,7.5,19.3,0,46.8,4,12.2,,21.008
2022.4.16,13.2,7.1,20.2,0,48.5,5,12.3,,20.423
2022.4.17,14,7.2,21.9,0,53.8,6,11.7,,20.941
2022.4.18,15.2,11.4,21.6,0,46.1,0,7.8,,20.237
2022.4.19,15.2,8.9,22.1,0,51.9,1,12.1,,19.783
2022.4.20,15.7,9.7,22.1,0,48.8,2,12.3,,19.537
2022.4.21,16.3,9.6,22.7,0,48.4,3,6.3,,19.663
2022.4.22,15,13.2,16.8,0,76.8,4,0,,20.31
2022.4.23,17.7,10.4,25.3,0,57.3,5,9.1,,20.17
2022.4.24,18.5,15,24.5,0.3,72.5,6,7,,20.904
2022.4.25,20,17,23.6,1.3,80.5,0,0.3,,20.621
2022.4.26,21.9,17,28.7,1,57.9,1,9.5,,20.319
2022.4.27,17.7,12.6,23.9,0,31.5,2,11.8,,19.977
2022.4.28,18.2,11.6,25.9,0,44,3,8.3,,19.964
2022.4.29,13.4,10.7,16.5,15.5,70.6,4,1.5,,20.178
2022.4.30,13,10.5,17.8,0,68,5,0.8,,20.478
2022.5.1,13.4,7.9,19.2,0,54.8,6,10,5:38,20.773
2022.5.2,14.2,9.1,19.4,0,56.5,0,10.4,5:37,19.913
2022.5.3,14.8,9.1,20.8,0,45.9,1,12.5,5:35,19.779
2022.5.4,17.8,10,25.2,0,43.3,2,12.6,5:34,19.632
2022.5.5,18.9,12.5,25.8,0,48.1,3,12.7,5:33,19.98
2022.5.6,19.6,13.7,25.6,0,67.1,4,10.3,5:32,19.802
2022.5.7,18.4,15.3,23.1,0.5,52.4,5,6.8,5:31,19.969
2022.5.8,15.3,11.7,18.2,2,51.8,6,0,5:30,20.893
2022.5.9,17.9,11,25.3,0,56.4,0,12.8,5:29,19.869
2022.5.10,19.9,13.6,26.3,0,39,1,9.5,5:28,19.832
2022.5.11,19.7,16.6,25.2,0,50.4,2,9.8,5:27,19.868
2022.5.12,20.9,14.1,28.1,0,51.5,3,11.4,5:26,19.896
2022.5.13,19.4,15,25.2,0,45.8,4,4.8,5:25,19.952
2022.5.14,15.7,11.9,20,0,45.5,5,10.8,5:24,20.213
2022.5.15,16.2,10.5,22.4,0,39.8,6,12.9,5:23,20.505
2022.5.16,17.3,10.9,23.7,0,56.3,0,13.1,5:23,19.712
2022.5.17,20,13,27.4,0,60.1,1,12.8,5:22,19.826
2022.5.18,20,15.7,25.4,1.5,59.4,2,6.4,5:21,20.199
2022.5.19,19.9,16.1,24.2,0,53.6,3,7.8,5:20,19.933
2022.5.20,20.6,15.6,25.8,0,52.8,4,10.8,5:19,20.25
2022.5.21,20.1,16.1,26,0,70.8,5,9.3,5:19,20.558
2022.5.22,20.3,15.7,25.8,0,70.9,6,9,5:18,21.143
2022.5.23,23,17.8,30.7,0,63.5,0,10.4,5:17,20.743
2022.5.24,22.9,16.7,30.2,0,56.8,1,12.3,5:17,20.57
2022.5.25,21,16.7,26.7,3.5,66.6,2,8.1,5:16,20.704
2022.5.26,18.7,14.1,23.5,0,59.9,3,11.6,5:16,19.919
2022.5.27,20,16,25.6,0,62.5,4,11.8,5:15,19.834
2022.5.28,22.3,15,29.3,0,54.1,5,12.4,5:15,20.771
2022.5.29,23.1,19.3,29.7,0,66.4,6,7,5:14,21.817
2022.5.30,20.8,17.2,24.7,0,71,0,0.2,5:14,20.984
2022.5.31,20.7,14.2,27.2,0,42.4,1,12,5:13,19.962
2022.6.1,22.1,16.2,28.6,0,41.6,2,13.5,5:13,21.019
2022.6.2,21.5,17.1,26.9,0,67.4,3,10.4,5:12,20.606
2022.6.3,24.5,18.7,32.6,0,62.8,4,10.6,5:12,21.197
2022.6.4,25.6,20.3,29.7,0,57,5,6.2,5:12,22.219
2022.6.5,22.7,20.2,27,0,59.8,6,0.1,5:11,21.732
2022.6.6,19.7,16.7,24.5,4.3,69,0,5.5,5:11,21.438
2022.6.7,20.6,15.1,25.1,0,54.5,1,6.2,5:11,20.308
2022.6.8,21.2,16.2,25.8,0,61.6,2,5.1,5:11,20.365
2022.6.9,20.9,18.5,24.5,2.6,76.1,3,2.6,5:11,20.71
2022.6.10,20.9,17.2,26.6,1.2,75.8,4,4.8,5:10,20.824
2022.6.11,24.6,17.7,32.7,0,59.6,5,10.7,5:10,21.758
2022.6.12,24.6,18.9,31.5,0,58.9,6,9.3,5:10,22.727
2022.6.13,23.6,19.6,29.2,18,68.5,0,7.7,5:10,21.814
2022.6.14,21.5,17.7,27.1,0,56.4,1,5.7,5:10,20.886
2022.6.15,17.5,14.9,20.1,18.5,92.4,2,0,5:10,20.816
2022.6.16,20.3,17.6,24.8,0.7,78.4,3,3.8,5:10,20.628
2022.6.17,22.5,16.5,28.1,0,76.4,4,3.2,5:10,21.092
2022.6.18,23.3,22,25.1,0,79.6,5,0,5:10,22.574
2022.6.19,23.4,22.3,25.1,0,81.6,6,0,5:11,23.443
2022.6.20,25.2,22,29,0,76.6,0,1.8,5:11,23.097
2022.6.21,26.5,21.2,32.6,0,72.6,1,12.6,5:11,24.418
2022.6.22,25.9,21.9,31,0,71.1,2,7.4,5:11,24.544
2022.6.23,24.3,23.3,26.4,103,89.1,3,0,5:11,25.819
2022.6.24,22.6,20.6,24.9,19.1,90.9,4,1.7,5:12,23.857
2022.6.25,26,21.5,30.5,0,80.4,5,3,5:12,26.382
2022.6.26,26.5,24.8,28.1,0,82.1,6,0,5:12,28.5
2022.6.27,26.8,25.4,28.1,6.1,84.4,0,0,5:13,27.902
2022.6.28,26.9,25.7,27.9,6.3,81.9,1,0,5:13,27.88
2022.6.29,25.1,24.4,26.1,37.8,95.5,2,0,5:13,22.433
2022.6.30,22.3,21.2,24.5,176.2,99.3,3,0,5:14,22.796
2022.7.1,26.6,21.9,30.9,0,83.3,4,7.2,5:14,27.402
2022.7.2,28.8,24,33.8,0,72.8,5,10.8,5:15,31.114
2022.7.3,29.3,24.4,34.2,0,68.6,6,10.8,5:15,34.019
2022.7.4,29.3,26.4,32.6,0,71.8,0,3.6,5:16,33.392
2022.7.5,29.2,26.7,33.1,0,73.8,1,2.6,5:16,33.938
2022.7.6,29.5,26.2,33.3,16.1,76,2,1.1,5:17,34.984
2022.7.7,28.2,26.4,31,0,82.3,3,0.6,5:17,34.381
2022.7.8,25.8,24,27.9,1.7,84.4,4,0,5:18,30.341
2022.7.9,26.9,24,30.9,0.1,82.1,5,1.8,5:18,31.595
2022.7.10,29.2,24.6,35.1,0,68,6,8.4,5:19,35.379
2022.7.11,27,24.7,30.6,9,75,0,2.8,5:20,29.65
2022.7.12,26.8,23.2,29.4,0,73.1,1,0.8,5:20,29.695
2022.7.13,25,24,27.1,114.5,93.9,2,0,5:21,29.541
2022.7.14,25.7,23.3,29.9,0.9,84.6,3,3.9,5:22,26.801
2022.7.15,26,23,30.3,0,76.5,4,8.9,5:22,24.103
2022.7.16,24.8,23.2,28.2,34,83.4,5,1.5,5:23,26.781
2022.7.17,25.5,22.5,29.7,0,78.9,6,3.6,5:24,23.959
2022.7.18,26.8,23.1,30.1,0,76,0,5.2,5:24,22.076
2022.7.19,27.4,24.3,31.1,0,74.1,1,8.4,5:25,26.412
2022.7.20,27.1,24.3,30.4,1.1,76.1,2,3.1,5:26,29.676
2022.7.21,23.2,20.8,25.2,10.4,87.6,3,0.5,5:27,26.295
2022.7.22,25.1,22.9,27.5,5.2,81.5,4,2.5,5:27,26.457
2022.7.23,24.8,22.3,28,9.9,83.6,5,0.1,5:28,24.735
2022.7.24,25,22,28.4,1.2,86.9,6,0.4,5:29,23.982
2022.7.25,27.5,23.6,32,0,75,0,9.6,5:30,28.934
2022.7.26,28.9,24.4,33.1,0,72.5,1,9,5:30,31.947
2022.7.27,29.3,26.4,33.4,0,66.3,2,6,5:31,31.315
2022.7.28,29.7,25.1,34.4,0,63.8,3,9.9,5:32,33.087
2022.7.29,30.7,27.3,34.3,0,68.1,4,7.6,5:33,36.263
2022.7.30,30.9,27.3,36.1,1,68.4,5,9.4,5:34,39.694
2022.7.31,27.2,25.4,29,47.2,85.8,6,0,5:35,34.923
2022.8.1,28.6,25.4,32.4,30,82.4,0,3.2,5:35,30.308
2022.8.2,26.8,25.5,28.5,33.5,90,1,0,5:36,30.96
2022.8.3,27.1,25.2,30,51.1,90.1,2,1.3,5:37,29.822
2022.8.4,28.9,26,32.9,0,79.3,3,8.7,5:38,32.678
2022.8.5,29.4,27,32.7,0,76.6,4,6.3,5:39,35.467
2022.8.6,28.7,27.4,30.3,13.6,85.3,5,0.4,5:40,36.934
2022.8.7,28.9,27.2,31.7,0.9,82.1,6,0.6,5:40,33.696
2022.8.8,26.8,25.1,28.4,129.6,91.6,0,0,5:41,34.101
2022.8.9,25.1,22,26.5,123.1,96,1,0,5:42,27.646
2022.8.10,24.7,21.4,28.8,7.6,85.3,2,3.1,5:43,28.476
2022.8.11,25,23.4,27.5,38.8,87.9,3,0.8,5:44,24.368
2022.8.12,27,23,32.4,0,73.8,4,10.6,5:45,25.803
2022.8.13,25.8,24.7,27.5,4,82.8,5,0.8,5:46,27.333
2022.8.14,27.6,24.5,31.5,3,83,6,2.2,5:46,28.216
2022.8.15,28.1,26.6,29.8,0.9,83,0,0,5:47,33.261
2022.8.16,26.7,24.1,30,0,75.4,1,9.2,5:48,25.601
2022.8.17,26,22.8,30.5,0,76.6,2,6,5:49,29.203
2022.8.18,25.6,22.4,29.8,0,75.8,3,2.6,5:50,28.064
2022.8.19,26,23.3,27.5,66.1,86.1,4,0,5:51,28.556
2022.8.20,28.2,25.7,32,0,80,5,9.6,5:52,28.2
2022.8.21,28.1,24.7,32,0,75.3,6,5.5,5:52,33.777
2022.8.22,26.8,22.9,30.2,3.2,75.6,0,1.5,5:53,30.603
2022.8.23,25.4,22.4,30.2,2.2,75,1,7.1,5:54,27.125
2022.8.24,24.8,22.4,27.9,0,66.9,2,2,5:55,25.707
2022.8.25,22.2,21.1,24,1.6,78,3,0,5:56,24.117
2022.8.26,23.8,19.9,28.4,0,75.3,4,7.8,5:57,23.715
2022.8.27,21.5,17.6,25.5,17.6,63.1,5,12.4,5:57,22.629
2022.8.28,22.6,16.1,28.4,0,59.4,6,12.1,5:58,22.852
2022.8.29,21,19.5,22.5,2.2,74,0,0,5:59,21.842
2022.8.30,19.1,17.9,20.3,35.8,96.3,1,0,6:00,18.873
2022.8.31,21.7,19.6,24.9,0,83.3,2,2.5,6:01,22.718
2022.9.1,24,18.3,30.4,0,70.8,3,12.1,6:02,22.131
2022.9.2,24.7,20.3,29.8,0,61.8,4,11.6,6:02,20.14
2022.9.3,24.2,20.5,29.2,0,63,5,4.5,6:03,23.165
2022.9.4,22.3,19.8,24,33.8,88.6,6,0,6:04,24.866
2022.9.5,19.2,17.7,22.7,120,95.9,0,0,6:05,23.116
2022.9.6,21,17,26.3,25.3,78,1,8.4,6:06,20.202
2022.9.7,22.8,17.9,28.1,0,65.3,2,11.9,6:07,21.642
2022.9.8,23.2,16.7,29.5,0,65.5,3,11.8,6:07,21.36
2022.9.9,24.3,18.9,30.8,0,59.1,4,11.1,6:08,23.43
2022.9.10,23.6,19,28.4,0,52.3,5,6.5,6:09,21.818
2022.9.11,23.3,20.6,26.4,0.1,68.6,6,1.8,6:10,22.413
2022.9.12,23.8,20.3,27.5,0,76.1,0,3.5,6:11,24.132
2022.9.13,24.3,21.8,26.4,0,73,1,0.1,6:12,23.499
2022.9.14,24.6,22.7,27.9,0,56.9,2,1.1,6:12,22.626
2022.9.15,25.2,22,28.3,0.1,66.9,3,3.4,6:13,22.642
2022.9.16,25.7,23.4,29.9,14.6,78.6,4,1.8,6:14,24.706
2022.9.17,25.6,23.3,29.4,4.3,83.1,5,3.8,6:15,27.251
2022.9.18,27.1,23,32.5,0,75.3,6,5.7,6:16,29.132
2022.9.19,24.6,19.5,29.6,0,63.1,0,6.9,6:17,23.099
2022.9.20,19.9,16.1,24.6,0,57,1,9.7,6:17,21.055
2022.9.21,19.4,13,25.6,0,56.9,2,11,6:18,18.588
2022.9.22,19.8,14.2,24.7,0,60.1,3,7.4,6:19,20.68
2022.9.23,17.5,14.7,22.2,3.3,68.9,4,7.9,6:20,19.906
2022.9.24,18.5,12.3,24.2,0,64.6,5,10.7,6:21,20.703
2022.9.25,19.6,15.4,25.2,0,63.3,6,7.8,6:22,21.304
2022.9.26,20,14.8,25.4,0,58.5,0,8.7,6:23,20.513
2022.9.27,20.9,14,28,0,59,1,11.2,6:23,20.56
2022.9.28,20.4,16.1,26.1,0,71,2,5,6:24,20.752
2022.9.29,20.4,16.4,26.5,0,73.5,3,7.9,6:25,20.873
2022.9.30,20.7,14.8,27.7,0,68,4,10.6,6:26,19.137
2022.10.1,20.9,14.4,27.6,0,63.3,5,7.9,6:27,21.415
2022.10.2,19.4,17.2,21.6,15.8,78.9,6,0,6:28,21.402
2022.10.3,21.4,17.5,23.4,76,98.5,0,0,6:29,23.718
2022.10.4,17.9,14.2,23,11.8,83.8,1,0.4,6:29,21.523
2022.10.5,16.6,14.1,21.6,0.1,74.8,2,4.9,6:30,20.06
2022.10.6,15.8,12.7,19.1,0,76.6,3,1.6,6:31,20.336
2022.10.7,14.3,11,18.6,0,69.5,4,7.6,6:32,18.935
2022.10.8,15.8,11.1,21.6,0,64.6,5,9.5,6:33,17.462
2022.10.9,13.1,10.7,14.5,20.4,85.8,6,0,6:34,21.323
2022.10.10,9.9,8.2,11.9,0,72.9,0,2.3,6:35,19.634
2022.10.11,11.1,7.4,16.4,0,69.1,1,10.3,6:36,14.273
2022.10.12,13.5,6.5,20.6,0,68.1,2,10.6,6:37,16.201
2022.10.13,16.3,10.7,22.7,0,69.6,3,10.4,6:38,14.167
2022.10.14,17.1,12.4,23,0,73.4,4,4.9,6:39,17.486
2022.10.15,18.2,12.6,24.4,0,68.5,5,8.2,6:39,20.739
2022.10.16,16.9,15.1,20.5,0,73.9,6,0.6,6:40,21.548
2022.10.17,11.2,7.4,15.1,0,50.3,0,10.1,6:41,20.629
2022.10.18,9.4,5,14.2,0,52.1,1,10.2,6:42,20.267
2022.10.19,10.5,4.4,16.8,0,57.8,2,10.2,6:43,20.301
2022.10.20,12.9,6,19.7,0,64.4,3,10.1,6:44,20.233
2022.10.21,14,8.8,20.9,0,68.8,4,8.8,6:45,20.211
2022.10.22,15.1,10.5,20.8,0,76.3,5,9.3,6:46,20.72
2022.10.23,14,10.4,18.6,0,65,6,7.7,6:47,21.233
2022.10.24,10.6,7.5,14.8,0,52.6,0,9.9,6:48,20.384
2022.10.25,11.3,5.9,17.6,0,56.5,1,9.9,6:49,20.206
2022.10.26,12.9,8,17.8,0,58.3,2,7.3,6:50,20.293
2022.10.27,13.2,8.6,18.9,0,71.8,3,9.2,6:51,20.213
2022.10.28,13.6,8.2,20.6,0,70.1,4,8.3,6:52,20.113
2022.10.29,14.8,10.2,21.3,0,65.9,5,9.3,6:53,20.644
2022.10.30,14.9,10.4,21.3,0,64.5,6,8.9,6:54,21.15
2022.10.31,14.9,11.2,21.1,0,69.8,0,7.6,6:55,20.243
2022.11.1,13.1,9.4,17.8,0,73.5,1,4.7,,20.261
2022.11.2,11.1,5.5,17.9,0,57.1,2,9.6,,20.202
2022.11.3,9.3,5.6,13.4,0,58.1,3,0.6,,20.609
2022.11.4,4.9,1.6,9.8,0,41.8,4,9.6,,20.566
2022.11.5,6.5,0.8,13.6,0,51.3,5,9.7,,21.045
2022.11.6,9.6,3.7,16.4,0,60.5,6,9.6,,21.449
2022.11.7,11.4,6.1,16.6,0,64.5,0,4.4,,20.73
2022.11.8,12.9,9.7,17.9,0,68.3,1,8.1,,20.445
2022.11.9,11.4,6.7,16,0,76,2,5.3,,20.55
2022.11.10,13.5,8.8,19.1,0,74.5,3,7.9,,20.239
2022.11.11,15.6,10.9,22.1,0,62.5,4,8.8,,20.097
2022.11.12,16.3,11.6,22,57.9,80,5,2.6,,21.021
2022.11.13,10.3,8.7,17.3,0,85.6,6,0,,21.77
2022.11.14,9.7,5.9,13.8,0,74.8,0,4.5,,20.695
2022.11.15,8.1,4,12.3,1.6,77.4,1,2.9,,20.644
2022.11.16,8.5,5.5,13,0,71.3,2,8.3,,20.155
2022.11.17,10.2,5.4,16.6,0,64.6,3,9.1,,20.275
2022.11.18,11,5.3,18.1,0,69.6,4,9.1,,20.383
2022.11.19,12.9,8.7,19.2,0,55.8,5,9,,20.745
2022.11.20,13.7,9.5,20.2,0,58.3,6,9.1,,20.74
2022.11.21,11.8,9.3,16.2,0,70.5,0,3.1,,20.711
2022.11.22,10.7,7,13.7,0,69.9,1,1.6,,20.689
2022.11.23,10.8,6.8,15.2,0,56,2,7.9,,20.445
2022.11.24,9.4,5.9,14.1,0,65.6,3,6.5,,20.641
2022.11.25,12.3,7.1,17.8,1.7,67.1,4,7.6,,20.43
2022.11.26,6.7,1,12.9,0,52.4,5,8.6,,21.137
2022.11.27,5.4,-1.1,11.5,0,43.1,6,7.4,,21.867
2022.11.28,12.3,7.5,15,19.5,65.5,0,0.8,,21.374
2022.11.29,6.9,-1.6,15,3.8,67,1,2,,21.22
2022.11.30,-5.4,-8.1,-1.6,0,49.1,2,9.1,,22.065
2022.12.1,-5.4,-9.4,-1.2,0,43.4,3,8.1,,22.55
2022.12.2,-2.5,-7.6,3,0,42,4,9,,22.353
2022.12.3,2.1,-0.3,7,1.1,70.5,5,2.6,,22.996
2022.12.4,-3.5,-5.2,-0.2,0,38.9,6,1.3,,23.533
2022.12.5,-3.1,-7,1.9,0,41.9,0,8.6,,22.533
2022.12.6,0.9,-3.9,5.3,0.1,62.8,1,4.8,,22.686
2022.12.7,4.9,1.2,9,0.1,60.4,2,7.8,,21.917
2022.12.8,3.7,0.1,9.1,0,57.5,3,9,,21.753
2022.12.9,4.5,0.9,10.2,0,60.8,4,4.9,,21.573
2022.12.10,2.6,-0.6,6.7,0,46.5,5,3.6,,22.3
2022.12.11,1.6,-1.5,6.8,0,52.5,6,8.9,,22.608
2022.12.12,2,-2,6.3,5.4,73.4,0,2.3,,22.162
2022.12.13,0,-6.4,3.1,0.6,70.8,1,1.7,,22.471
2022.12.14,-8.4,-11,-4.9,0,50.1,2,8.9,,23.336
2022.12.15,-4.5,-8.5,-1.3,2.4,79.1,3,0,,23.664
2022.12.16,-6.3,-9.6,-2.2,0,56.9,4,8.2,,23.331
2022.12.17,-7,-9.8,-3.2,0.2,52,5,7.4,,23.86
2022.12.18,-9.5,-12.4,-5.6,0,47.1,6,9,,24.562
2022.12.19,-7,-12,-2.5,0,55.6,0,6.5,,23.897
2022.12.20,-3.2,-9.5,2.9,0,55.8,1,7.7,,23.267
2022.12.21,-0.1,-2.6,2.6,3.6,82.4,2,0,,23.495
2022.12.22,-7.8,-11.3,-2.6,0,60.5,3,7.4,,23.699
2022.12.23,-11.8,-13.7,-8.6,0,60.5,4,8.4,,24.422
2022.12.24,-8.4,-13.5,-2,0,54.9,5,8.9,,24.539
2022.12.25,-5.4,-9.6,0.2,0,66.5,6,9,,24.232
2022.12.26,-3.9,-7.9,1.7,0,68.4,0,7.6,,23.634
2022.12.27,-2.6,-7.3,3.3,0,69.8,1,8.8,,23.146
2022.12.28,-3.3,-6,0.1,0.1,58.1,2,8.7,,22.989
2022.12.29,-2.9,-7.8,2.1,0,56.3,3,9,,22.931
2022.12.30,-1.8,-4.4,2.3,0,65.6,4,7.9,,22.695
2022.12.31,-1.2,-5.1,2.1,0,65.5,5,1.1,,22.982
2023.1.1,-0.2,-4.3,3.8,0,54.5,6,9,,22.703
2023.1.2,-4.5,-7.4,-0.4,0,45.9,0,9.1,,22.757
2023.1.3,-5,-9,0.6,0,49,1,9.1,,22.904
2023.1.4,-1.8,-5.7,3.3,0,51.4,2,8.7,,22.618
2023.1.5,-1.6,-5.6,3.6,0,58.1,3,4.7,,22.637
2023.1.6,0.6,-4.7,5.7,3.9,71.9,4,7.1,,22.299
2023.1.7,1.5,-1.4,3.8,0.1,80.9,5,1,,22.636
2023.1.8,1.3,-3.7,6.3,0,69.3,6,7.1,,22.641
2023.1.9,3.1,-1.3,7,0,60.1,0,7.8,,21.726
2023.1.10,1.6,-3.9,9.1,0,59.9,1,8.8,,21.728
2023.1.11,2.6,-2,9.2,0,61.9,2,8.8,,21.576
2023.1.12,5.9,-0.6,12.5,0,46.6,3,9,,21.264
2023.1.13,8.3,5.1,10.1,37.3,99.1,4,0,,21.649
2023.1.14,6.6,3.8,8.4,1.6,92.9,5,0,,21.971
2023.1.15,-0.2,-3.5,3.8,3.2,93.9,6,0,,22.908
2023.1.16,-4.6,-6.8,-1.2,0,63.1,0,8.8,,22.214
2023.1.17,-3.7,-7,-0.4,0,65.1,1,0.2,,22.539
2023.1.18,-1.9,-4.6,2.2,0,60.5,2,8.9,,22.08
2023.1.19,-0.4,-6,4.3,1,69.3,3,3.1,,22.199
2023.1.20,-3.3,-7.7,2,0,52.4,4,8.7,,20.491
2023.1.21,-4.5,-10.5,1.5,0,55.4,5,8.5,,20.56
2023.1.22,-0.6,-2.8,2.6,0,62.8,6,0.3,,19.626
2023.1.23,-0.8,-6.9,4.6,0,66.6,0,7.3,,19.737
2023.1.24,-14.7,-17,-6.9,0,51.9,1,9.4,,23.08
2023.1.25,-11.3,-17.3,-5.4,0,45.1,2,9.4,,24.377
2023.1.26,-6,-9,-3.5,0.8,80.1,3,0,,24.223
2023.1.27,-7.3,-9.6,-3.8,0,56.5,4,9.4,,23.552
2023.1.28,-6,-11.2,-0.6,0,54.9,5,9,,23.685
2023.1.29,-1.8,-8,4.9,0,58.3,6,5.2,,23.613
2023.1.30,-0.9,-4.4,4.2,0,55.9,0,9.5,,22.368
2023.1.31,2.4,-3.5,7.8,0,69.1,1,3,,22.198
2023.2.1,0.9,-3,6,0,68.4,2,8.9,,21.871
2023.2.2,-2.4,-5.1,1.4,0,50.3,3,7.6,,22.105
2023.2.3,-1.6,-3.9,3.4,0,47.4,4,8.6,,21.991
2023.2.4,-0.2,-5.2,6,0,49.8,5,8.2,,22.251
2023.2.5,1.7,-3.3,7.1,0,71,6,7,,22.331
2023.2.6,3,-1.7,8.8,0,72.3,0,7.1,,21.478
2023.2.7,3.5,-0.6,9.5,0,72.9,1,6.4,,21.295
2023.2.8,2.1,-1.3,7.8,0,62.1,2,9.5,,21.207
2023.2.9,4,-2.8,9.9,0,49.9,3,6.7,,21.177
2023.2.10,3.8,1.1,6.2,0.6,79.6,4,2,,21.182
2023.2.11,2.8,-1.2,8.5,0,73,5,5.5,,21.423
2023.2.12,3.7,-0.9,7.6,0,70,6,2,,21.762
2023.2.13,5.9,2.7,8.4,0,66.5,0,0.8,,20.989
2023.2.14,1.7,-2.5,6.6,0,54.9,1,9.5,,20.874
2023.2.15,3.2,-1.2,8.9,0,46.4,2,9.4,,20.982
2023.2.16,2.3,-0.7,4.5,0,68.3,3,1.9,,21.316
2023.2.17,3.4,-1.5,9.8,0,67.8,4,7.5,,20.966
2023.2.18,5.7,3,8.1,0,58.3,5,0,,21.635
2023.2.19,3.5,0.2,6.1,0.4,56.1,6,7,,21.662
2023.2.20,-0.5,-3.5,2.4,0,46.4,0,9.5,,21.326
2023.2.21,-1.3,-5.3,4.8,0,42.4,1,10,,21.43
2023.2.22,1.2,-4.5,8.4,0,50.6,2,9.2,,21.248
2023.2.23,2.9,-1.8,9.2,0,65.5,3,10,,21.053
2023.2.24,3.5,-0.4,8.5,0,57.9,4,9.8,,20.885
2023.2.25,0.7,-2.9,5.7,0,44,5,10.2,,21.363
2023.2.26,2.2,-3.4,9.4,0,46.6,6,10.4,,21.592
2023.2.27,4.4,-1.8,12.4,0,47.4,0,10.5,,20.822
2023.2.28,4.3,-0.7,8.7,0,63.4,1,3,,20.811
2023.3.1,6,2.9,9,0,54.4,2,4.1,,21.564
2023.3.2,2.2,-1.8,6.6,0,37.8,3,10.5,,20.885
2023.3.3,4.6,-1.9,10.4,0,65,4,7.5,,20.666
2023.3.4,7.7,3.7,14.1,0,68.4,5,8.7,,21.108
2023.3.5,8,2.5,15.4,0,54,6,10.1,,21.358
2023.3.6,9.2,2.2,16.5,0,41.9,0,10,,20.176
2023.3.7,11.7,6.3,19.4,0,60.9,1,7,,20.014
2023.3.8,12.5,7.4,17.7,1.2,66.3,2,1.8,,20.172
2023.3.9,10.3,7.4,13.1,3.7,85.9,3,2,,20.252
2023.3.10,13.5,6.2,22.2,0,62.1,4,9.6,,19.734
2023.3.11,15.2,10.2,22.8,0,52,5,7.6,,20.2
2023.3.12,5.9,0.6,12.6,5.6,68,6,0.8,,21.675
2023.3.13,2.9,-1.9,7.6,0,38.9,0,9.8,,20.369
2023.3.14,9.2,3.3,15.4,0,45.9,1,9.1,,19.928
2023.3.15,8.6,3.5,14.4,0,66.6,2,1.2,,20.305
2023.3.16,4.6,0.4,9,0,36.8,3,6.7,,20.19
2023.3.17,7.2,0.7,12.7,0,34.3,4,4.4,,20.136
2023.3.18,7.7,2.5,14,0,46.4,5,9.9,,20.558
2023.3.19,8.3,2.3,15.2,0,59.6,6,11.1,,20.916
2023.3.20,9.5,2.6,17.1,0,50.4,0,10,,19.968
2023.3.21,13,5,22.2,0,35.1,1,10.8,,19.624
2023.3.22,17,9.2,25.1,0,44.8,2,6.2,,19.674
2023.3.23,17.4,12.3,23.3,0,48.9,3,5.3,,19.581
2023.3.24,12.5,7.6,18.3,0,36.8,4,6.6,,19.497
2023.3.25,12.5,8,18.7,0,59.9,5,5.7,,20.102
2023.3.26,9.4,4.7,14,0,34,6,11.1,,20.45
2023.3.27,7.3,1.9,14.5,0,44.8,0,11.1,,19.648
2023.3.28,9.2,2.8,15.7,0,53.3,1,7.4,,19.582
2023.3.29,11.8,5.1,19.7,0,50.3,2,11,,19.467
2023.3.30,13.3,6.4,21.2,0,42.5,3,11.5,,19.318
2023.3.31,15,7.5,23.9,0,42.5,4,11.2,,19.231
2023.4.1,17.5,9.4,25.6,0,40.4,5,10.8,,19.762
2023.4.2,18.8,11.9,25.2,0,29.6,6,11.7,,20.089
2023.4.3,19,11.3,25.9,0,29.4,0,11,,20.163
2023.4.4,17.6,12.7,21.7,6.9,40.4,1,1.6,,19.326
2023.4.5,11.9,8.7,14.9,50.3,97.8,2,0,,20.225
2023.4.6,8.8,7.4,9.7,2.7,94.6,3,0,,20.137
2023.4.7,8.9,4.6,15.7,0,65,4,10.4,,19.384
2023.4.8,8.8,3.1,14.9,0,51.1,5,11.9,,19.901
2023.4.9,10.8,3.5,17.8,0,56.8,6,12,,20.245
2023.4.10,13.2,6.2,19.1,0,50.8,0,10.1,,19.255
2023.4.11,13.1,9.2,17.4,2.9,73.4,1,0,,20.064
2023.4.12,10.1,4.8,15.3,0,45.1,2,10.7,,19.334
2023.4.13,11.9,5.1,17.2,0,45,3,4.4,,19.385
2023.4.14,16.2,11.9,21.3,0,58.6,4,3.3,,19.301
2023.4.15,13.5,9.3,16.6,4.6,81.8,5,2.3,,20.286
2023.4.16,10.8,7.5,16.1,0,71.4,6,3.2,,20.47
2023.4.17,13.1,6.8,18.1,0,59,0,6.1,,19.333
2023.4.18,14,10.7,18.4,1.5,78.6,1,3.6,,19.551
2023.4.19,19.1,11.5,28.4,0,66.1,2,12.3,,18.981
2023.4.20,15.8,14.5,18.9,0.5,92.1,3,0,,19.549
2023.4.21,16.7,11.4,22.8,0,50.4,4,7.8,,18.901
2023.4.22,16.9,12.2,22.5,0,22.9,5,5.6,,19.287
2023.4.23,16.1,10.7,22.1,0,34.1,6,4.4,,19.895
2023.4.24,15.8,11.5,21.3,0,40.5,0,7.8,,18.849
2023.4.25,10.9,9,13.2,0.4,68.6,1,0,,19.389
2023.4.26,10.2,7.4,13.5,0,69.9,2,4.1,,19.166
2023.4.27,12.9,5.1,20,0,61.6,3,12.2,,18.936
2023.4.28,15.7,9,21.3,1.9,62,4,8.4,,19.009
2023.4.29,13.2,9.9,15.8,25.1,88.1,5,0.8,,20.327
2023.4.30,12.7,7.9,17.9,0.1,72.9,6,5.8,,19.636